ListaParlamentarEmExercicio.Parlamentares.Parlamentar.IdentificacaoParlamentar.CodigoParlamentar;ListaParlamentarEmExercicio.Parlamentares.Parlamentar.IdentificacaoParlamentar.CodigoPublicoNaLegAtual;ListaParlamentarEmExercicio.Parlamentares.Parlamentar.IdentificacaoParlamentar.NomeParlamentar;ListaParlamentarEmExercicio.Parlamentares.Parlamentar.IdentificacaoParlamentar.NomeCompletoParlamentar;ListaParlamentarEmExercicio.Parlamentares.Parlamentar.IdentificacaoParlamentar.SexoParlamentar;ListaParlamentarEmExercicio.Parlamentares.Parlamentar.IdentificacaoParlamentar.FormaTratamento;ListaParlamentarEmExercicio.Parlamentares.Parlamentar.IdentificacaoParlamentar.UrlFotoParlamentar;ListaParlamentarEmExercicio.Parlamentares.Parlamentar.IdentificacaoParlamentar.UrlPaginaParlamentar;ListaParlamentarEmExercicio.Parlamentares.Parlamentar.IdentificacaoParlamentar.UrlPaginaParticular;ListaParlamentarEmExercicio.Parlamentares.Parlamentar.IdentificacaoParlamentar.EmailParlamentar;ListaParlamentarEmExercicio.Parlamentares.Parlamentar.IdentificacaoParlamentar.Telefones.Telefone.NumeroTelefone;ListaParlamentarEmExercicio.Parlamentares.Parlamentar.IdentificacaoParlamentar.Telefones.Telefone.OrdemPublicacao;ListaParlamentarEmExercicio.Parlamentares.Parlamentar.IdentificacaoParlamentar.Telefones.Telefone.IndicadorFax;ListaParlamentarEmExercicio.Parlamentares.Parlamentar.IdentificacaoParlamentar.SiglaPartidoParlamentar;ListaParlamentarEmExercicio.Parlamentares.Parlamentar.IdentificacaoParlamentar.UfParlamentar;ListaParlamentarEmExercicio.Parlamentares.Parlamentar.IdentificacaoParlamentar.MembroMesa;ListaParlamentarEmExercicio.Parlamentares.Parlamentar.IdentificacaoParlamentar.MembroLideranca;ListaParlamentarEmExercicio.Parlamentares.Parlamentar.Mandato.CodigoMandato;ListaParlamentarEmExercicio.Parlamentares.Parlamentar.Mandato.UfParlamentar;ListaParlamentarEmExercicio.Parlamentares.Parlamentar.Mandato.PrimeiraLegislaturaDoMandato.NumeroLegislatura;ListaParlamentarEmExercicio.Parlamentares.Parlamentar.Mandato.PrimeiraLegislaturaDoMandato.DataInicio;ListaParlamentarEmExercicio.Parlamentares.Parlamentar.Mandato.PrimeiraLegislaturaDoMandato.DataFim;ListaParlamentarEmExercicio.Parlamentares.Parlamentar.Mandato.SegundaLegislaturaDoMandato.NumeroLegislatura;ListaParlamentarEmExercicio.Parlamentares.Parlamentar.Mandato.SegundaLegislaturaDoMandato.DataInicio;ListaParlamentarEmExercicio.Parlamentares.Parlamentar.Mandato.SegundaLegislaturaDoMandato.DataFim;ListaParlamentarEmExercicio.Parlamentares.Parlamentar.Mandato.DescricaoParticipacao;ListaParlamentarEmExercicio.Parlamentares.Parlamentar.Mandato.Titular.DescricaoParticipacao;ListaParlamentarEmExercicio.Parlamentares.Parlamentar.Mandato.Titular.CodigoParlamentar;ListaParlamentarEmExercicio.Parlamentares.Parlamentar.Mandato.Titular.NomeParlamentar;ListaParlamentarEmExercicio.Parlamentares.Parlamentar.Mandato.Suplentes.Suplente.DescricaoParticipacao;ListaParlamentarEmExercicio.Parlamentares.Parlamentar.Mandato.Suplentes.Suplente.CodigoParlamentar;ListaParlamentarEmExercicio.Parlamentares.Parlamentar.Mandato.Suplentes.Suplente.NomeParlamentar;ListaParlamentarEmExercicio.Parlamentares.Parlamentar.Mandato.Exercicios.Exercicio.CodigoExercicio;ListaParlamentarEmExercicio.Parlamentares.Parlamentar.Mandato.Exercicios.Exercicio.DataInicio;ListaParlamentarEmExercicio.Parlamentares.Parlamentar.Mandato.Exercicios.Exercicio.DataFim;ListaParlamentarEmExercicio.Parlamentares.Parlamentar.Mandato.Exercicios.Exercicio.SiglaCausaAfastamento;ListaParlamentarEmExercicio.Parlamentares.Parlamentar.Mandato.Exercicios.Exercicio.DescricaoCausaAfastamento;ListaParlamentarEmExercicio.Parlamentares.Parlamentar.Mandato.Exercicios.Exercicio.DataLeitura
4981;916;Acir Gurgacz;Acir Marcos Gurgacz;Masculino;Senador;http://www.senado.leg.br/senadores/img/fotos-oficiais/senador4981.jpg;http://www25.senado.leg.br/web/senadores/senador/-/perfil/4981;https://acirgurgacz.com.br/;sen.acirgurgacz@senado.leg.br;33033131;1;Não;PDT;RO;Não;Não;;;;;;;;;;;;;;;;;;;;;
4981;916;Acir Gurgacz;Acir Marcos Gurgacz;Masculino;Senador;http://www.senado.leg.br/senadores/img/fotos-oficiais/senador4981.jpg;http://www25.senado.leg.br/web/senadores/senador/-/perfil/4981;https://acirgurgacz.com.br/;sen.acirgurgacz@senado.leg.br;33033132;2;Não;PDT;RO;Não;Não;;;;;;;;;;;;;;;;;;;;;
;;;;;;;;;;;;;;;;;515;RO;55;2015-02-01;2019-01-31;;;;Titular;;;;;;;;;;;;
;;;;;;;;;;;;;;;;;515;RO;;;;56;2019-02-01;2023-01-31;Titular;;;;;;;;;;;;
;;;;;;;;;;;;;;;;;515;RO;;;;;;;Titular;;;;1º Suplente;5615;Gilberto Piselo;;;;;;
;;;;;;;;;;;;;;;;;515;RO;;;;;;;Titular;;;;2º Suplente;5617;Pastor Valadares;;;;;;
;;;;;;;;;;;;;;;;;515;RO;;;;;;;Titular;;;;;;;2810;2017-01-14;;;;
;;;;;;;;;;;;;;;;;515;RO;;;;;;;Titular;;;;;;;2754;2015-02-01;2016-09-08;LSP;Licença Saúde-Particular;
5982;829;Alessandro Vieira;Alessandro Vieira;Masculino;Senador;http://www.senado.leg.br/senadores/img/fotos-oficiais/senador5982.jpg;http://www25.senado.leg.br/web/senadores/senador/-/perfil/5982;;sen.alessandrovieira@senado.leg.br;33039011;1;Não;PSDB;SE;Não;Não;;;;;;;;;;;;;;;;;;;;;
5982;829;Alessandro Vieira;Alessandro Vieira;Masculino;Senador;http://www.senado.leg.br/senadores/img/fotos-oficiais/senador5982.jpg;http://www25.senado.leg.br/web/senadores/senador/-/perfil/5982;;sen.alessandrovieira@senado.leg.br;33039014;2;Não;PSDB;SE;Não;Não;;;;;;;;;;;;;;;;;;;;;
5982;829;Alessandro Vieira;Alessandro Vieira;Masculino;Senador;http://www.senado.leg.br/senadores/img/fotos-oficiais/senador5982.jpg;http://www25.senado.leg.br/web/senadores/senador/-/perfil/5982;;sen.alessandrovieira@senado.leg.br;33039019;3;Não;PSDB;SE;Não;Não;;;;;;;;;;;;;;;;;;;;;
;;;;;;;;;;;;;;;;;559;SE;56;2019-02-01;2023-01-31;;;;Titular;;;;;;;;;;;;
;;;;;;;;;;;;;;;;;559;SE;;;;57;2023-02-01;2027-01-31;Titular;;;;;;;;;;;;
;;;;;;;;;;;;;;;;;559;SE;;;;;;;Titular;;;;1º Suplente;5980;Fernando Carvalho;;;;;;
;;;;;;;;;;;;;;;;;559;SE;;;;;;;Titular;;;;2º Suplente;5981;Major Ildomario;;;;;;
;;;;;;;;;;;;;;;;;559;SE;;;;;;;Titular;;;;;;;2888;2019-02-01;;;;
4610;899;Alexandre Silveira;Alexandre Silveira de Oliveira;Masculino;Senador;http://www.senado.leg.br/senadores/img/fotos-oficiais/senador4610.jpg;http://www25.senado.leg.br/web/senadores/senador/-/perfil/4610;https://alexandresilveiramg.com.br;sen.alexandresilveira@senado.leg.br;33035717;1;Não;PSD;MG;Não;Não;;;;;;;;;;;;;;;;;;;;;
;;;;;;;;;;;;;;;;;495;MG;55;2015-02-01;2019-01-31;;;;1º Suplente;;;;;;;;;;;;
;;;;;;;;;;;;;;;;;495;MG;;;;56;2019-02-01;2023-01-31;1º Suplente;;;;;;;;;;;;
;;;;;;;;;;;;;;;;;495;MG;;;;;;;1º Suplente;Titular;5529;Antonio Anastasia;;;;;;;;;
;;;;;;;;;;;;;;;;;495;MG;;;;;;;1º Suplente;;;;2º Suplente;415;Lael Varella;;;;;;
;;;;;;;;;;;;;;;;;495;MG;;;;;;;1º Suplente;;;;;;;2973;2022-02-02;;;;
945;855;Alvaro Dias;Alvaro Fernandes Dias;Masculino;Senador;http://www.senado.leg.br/senadores/img/fotos-oficiais/senador945.jpg;http://www25.senado.leg.br/web/senadores/senador/-/perfil/945;https://www.alvarodias.com.br/;sen.alvarodias@senado.leg.br;33034059;1;Não;PODEMOS;PR;Não;Sim;;;;;;;;;;;;;;;;;;;;;
945;855;Alvaro Dias;Alvaro Fernandes Dias;Masculino;Senador;http://www.senado.leg.br/senadores/img/fotos-oficiais/senador945.jpg;http://www25.senado.leg.br/web/senadores/senador/-/perfil/945;https://www.alvarodias.com.br/;sen.alvarodias@senado.leg.br;33034060;2;Não;PODEMOS;PR;Não;Sim;;;;;;;;;;;;;;;;;;;;;
945;855;Alvaro Dias;Alvaro Fernandes Dias;Masculino;Senador;http://www.senado.leg.br/senadores/img/fotos-oficiais/senador945.jpg;http://www25.senado.leg.br/web/senadores/senador/-/perfil/945;https://www.alvarodias.com.br/;sen.alvarodias@senado.leg.br;33032941;3;Sim;PODEMOS;PR;Não;Sim;;;;;;;;;;;;;;;;;;;;;
;;;;;;;;;;;;;;;;;514;PR;55;2015-02-01;2019-01-31;;;;Titular;;;;;;;;;;;;
;;;;;;;;;;;;;;;;;514;PR;;;;56;2019-02-01;2023-01-31;Titular;;;;;;;;;;;;
;;;;;;;;;;;;;;;;;514;PR;;;;;;;Titular;;;;1º Suplente;5609;Joel Malucelli;;;;;;
;;;;;;;;;;;;;;;;;514;PR;;;;;;;Titular;;;;2º Suplente;5611;Severino Araujo;;;;;;
;;;;;;;;;;;;;;;;;514;PR;;;;;;;Titular;;;;;;;2755;2015-02-01;;;;
5967;832;Angelo Coronel;Angelo Mario Coronel de Azevedo Martins;Masculino;Senador;http://www.senado.leg.br/senadores/img/fotos-oficiais/senador5967.jpg;http://www25.senado.leg.br/web/senadores/senador/-/perfil/5967;;sen.angelocoronel@senado.leg.br;33036103;1;Não;PSD;BA;Não;Não;;;;;;;;;;;;;;;;;;;;;
5967;832;Angelo Coronel;Angelo Mario Coronel de Azevedo Martins;Masculino;Senador;http://www.senado.leg.br/senadores/img/fotos-oficiais/senador5967.jpg;http://www25.senado.leg.br/web/senadores/senador/-/perfil/5967;;sen.angelocoronel@senado.leg.br;33036105;3;Não;PSD;BA;Não;Não;;;;;;;;;;;;;;;;;;;;;
;;;;;;;;;;;;;;;;;554;BA;56;2019-02-01;2023-01-31;;;;Titular;;;;;;;;;;;;
;;;;;;;;;;;;;;;;;554;BA;;;;57;2023-02-01;2027-01-31;Titular;;;;;;;;;;;;
;;;;;;;;;;;;;;;;;554;BA;;;;;;;Titular;;;;1º Suplente;5837;Davidson Magalhães;;;;;;
;;;;;;;;;;;;;;;;;554;BA;;;;;;;Titular;;;;2º Suplente;5056;Silvia Nascimento Cardoso dos Santos Cerqueira;;;;;;
;;;;;;;;;;;;;;;;;554;BA;;;;;;;Titular;;;;;;;2889;2019-02-01;;;;
6295;945;Carlos Fávaro;Carlos Henrique Baqueta Fávaro;Masculino;Senador;http://www.senado.leg.br/senadores/img/fotos-oficiais/senador6295.jpg;http://www25.senado.leg.br/web/senadores/senador/-/perfil/6295;;sen.carlosfavaro@senado.leg.br;33036408;1;Não;PSD;MT;Não;Sim;;;;;;;;;;;;;;;;;;;;;
;;;;;;;;;;;;;;;;;592;MT;56;2019-02-01;2023-01-31;;;;Titular;;;;;;;;;;;;
;;;;;;;;;;;;;;;;;592;MT;;;;57;2023-02-01;2027-01-31;Titular;;;;;;;;;;;;
;;;;;;;;;;;;;;;;;592;MT;;;;;;;Titular;;;;1º Suplente;6304;Margareth Gettert Busetti;;;;;;
;;;;;;;;;;;;;;;;;592;MT;;;;;;;Titular;;;;2º Suplente;6305;José Esteves de Lacerda Filho;;;;;;
;;;;;;;;;;;;;;;;;592;MT;;;;;;;Titular;;;;;;;2960;2020-12-15;;;;
5936;949;Carlos Portinho;Carlos Francisco Portinho;Masculino;Senador;http://www.senado.leg.br/senadores/img/fotos-oficiais/senador5936.jpg;http://www25.senado.leg.br/web/senadores/senador/-/perfil/5936;https://www.facebook.com/portinho.rio;sen.carlosportinho@senado.leg.br;33036640;1;Não;PL;RJ;Não;Sim;;;;;;;;;;;;;;;;;;;;;
5936;949;Carlos Portinho;Carlos Francisco Portinho;Masculino;Senador;http://www.senado.leg.br/senadores/img/fotos-oficiais/senador5936.jpg;http://www25.senado.leg.br/web/senadores/senador/-/perfil/5936;https://www.facebook.com/portinho.rio;sen.carlosportinho@senado.leg.br;33036613;2;Não;PL;RJ;Não;Sim;;;;;;;;;;;;;;;;;;;;;
;;;;;;;;;;;;;;;;;545;RJ;56;2019-02-01;2023-01-31;;;;1º Suplente;;;;;;;;;;;;
;;;;;;;;;;;;;;;;;545;RJ;;;;57;2023-02-01;2027-01-31;1º Suplente;;;;;;;;;;;;
;;;;;;;;;;;;;;;;;545;RJ;;;;;;;1º Suplente;Titular;751;Arolde de Oliveira;;;;;;;;;
;;;;;;;;;;;;;;;;;545;RJ;;;;;;;1º Suplente;;;;2º Suplente;5934;Renata Guerra;;;;;;
;;;;;;;;;;;;;;;;;545;RJ;;;;;;;1º Suplente;;;;;;;2959;2020-11-03;;;;
5990;843;Carlos Viana;Carlos Alberto Dias Viana;Masculino;Senador;http://www.senado.leg.br/senadores/img/fotos-oficiais/senador5990.jpg;http://www25.senado.leg.br/web/senadores/senador/-/perfil/5990;;sen.carlosviana@senado.leg.br;33033100;1;Não;MDB;MG;Não;Sim;;;;;;;;;;;;;;;;;;;;;
;;;;;;;;;;;;;;;;;563;MG;56;2019-02-01;2023-01-31;;;;Titular;;;;;;;;;;;;
;;;;;;;;;;;;;;;;;563;MG;;;;57;2023-02-01;2027-01-31;Titular;;;;;;;;;;;;
;;;;;;;;;;;;;;;;;563;MG;;;;;;;Titular;;;;1º Suplente;5991;Castellar Guimarães Neto;;;;;;
;;;;;;;;;;;;;;;;;563;MG;;;;;;;Titular;;;;2º Suplente;5992;Danilo Martins de Oliveira;;;;;;
;;;;;;;;;;;;;;;;;563;MG;;;;;;;Titular;;;;;;;2892;2019-02-01;;;;
470;815;Chico Rodrigues;Francisco de Assis Rodrigues;Masculino;Senador;http://www.senado.leg.br/senadores/img/fotos-oficiais/senador470.jpg;http://www25.senado.leg.br/web/senadores/senador/-/perfil/470;;sen.chicorodrigues@senado.leg.br;33032281;1;Não;DEM;RR;Não;Não;;;;;;;;;;;;;;;;;;;;;
;;;;;;;;;;;;;;;;;577;RR;56;2019-02-01;2023-01-31;;;;Titular;;;;;;;;;;;;
;;;;;;;;;;;;;;;;;577;RR;;;;57;2023-02-01;2027-01-31;Titular;;;;;;;;;;;;
;;;;;;;;;;;;;;;;;577;RR;;;;;;;Titular;;;;1º Suplente;6023;Pedro Arthur;;;;;;
;;;;;;;;;;;;;;;;;577;RR;;;;;;;Titular;;;;2º Suplente;6024;Onésimo Cruz;;;;;;
;;;;;;;;;;;;;;;;;577;RR;;;;;;;Titular;;;;;;;2965;2021-02-18;;;;
;;;;;;;;;;;;;;;;;577;RR;;;;;;;Titular;;;;;;;2905;2019-02-01;2020-10-20;LP;Licença Particular;
5973;825;Cid Gomes;Cid Ferreira Gomes;Masculino;Senador;http://www.senado.leg.br/senadores/img/fotos-oficiais/senador5973.jpg;http://www25.senado.leg.br/web/senadores/senador/-/perfil/5973;;sen.cidgomes@senado.leg.br;33036460;1;Não;PDT;CE;Não;Sim;;;;;;;;;;;;;;;;;;;;;
5973;825;Cid Gomes;Cid Ferreira Gomes;Masculino;Senador;http://www.senado.leg.br/senadores/img/fotos-oficiais/senador5973.jpg;http://www25.senado.leg.br/web/senadores/senador/-/perfil/5973;;sen.cidgomes@senado.leg.br;33036399;2;Não;PDT;CE;Não;Sim;;;;;;;;;;;;;;;;;;;;;
;;;;;;;;;;;;;;;;;556;CE;56;2019-02-01;2023-01-31;;;;Titular;;;;;;;;;;;;
;;;;;;;;;;;;;;;;;556;CE;;;;57;2023-02-01;2027-01-31;Titular;;;;;;;;;;;;
;;;;;;;;;;;;;;;;;556;CE;;;;;;;Titular;;;;1º Suplente;5971;Prisco Bezerra;;;;;;
;;;;;;;;;;;;;;;;;556;CE;;;;;;;Titular;;;;2º Suplente;5972;Julio Ventura;;;;;;
;;;;;;;;;;;;;;;;;556;CE;;;;;;;Titular;;;;;;;2953;2020-04-11;;;;
;;;;;;;;;;;;;;;;;556;CE;;;;;;;Titular;;;;;;;2895;2019-02-01;2019-12-11;LP;Licença Particular;
475;867;Confúcio Moura;Confúcio Aires Moura;Masculino;Senador;http://www.senado.leg.br/senadores/img/fotos-oficiais/senador475.jpg;http://www25.senado.leg.br/web/senadores/senador/-/perfil/475;https://senadorconfucio.com.br/;sen.confuciomoura@senado.leg.br;33032470;1;Não;MDB;RO;Não;Não;;;;;;;;;;;;;;;;;;;;;
475;867;Confúcio Moura;Confúcio Aires Moura;Masculino;Senador;http://www.senado.leg.br/senadores/img/fotos-oficiais/senador475.jpg;http://www25.senado.leg.br/web/senadores/senador/-/perfil/475;https://senadorconfucio.com.br/;sen.confuciomoura@senado.leg.br;33032163;2;Não;MDB;RO;Não;Não;;;;;;;;;;;;;;;;;;;;;
;;;;;;;;;;;;;;;;;575;RO;56;2019-02-01;2023-01-31;;;;Titular;;;;;;;;;;;;
;;;;;;;;;;;;;;;;;575;RO;;;;57;2023-02-01;2027-01-31;Titular;;;;;;;;;;;;
;;;;;;;;;;;;;;;;;575;RO;;;;;;;Titular;;;;1º Suplente;6019;Maria Eliza;;;;;;
;;;;;;;;;;;;;;;;;575;RO;;;;;;;Titular;;;;2º Suplente;6020;Carlos Milton Morais;;;;;;
;;;;;;;;;;;;;;;;;575;RO;;;;;;;Titular;;;;;;;2974;2022-01-25;;;;
;;;;;;;;;;;;;;;;;575;RO;;;;;;;Titular;;;;;;;2897;2019-02-01;2021-09-24;LCS;Licença com convocação de suplente (sup 120 dias);
5998;820;Daniella Ribeiro;Daniella Velloso Borges Ribeiro;Feminino;Senadora;http://www.senado.leg.br/senadores/img/fotos-oficiais/senador5998.jpg;http://www25.senado.leg.br/web/senadores/senador/-/perfil/5998;;sen.daniellaribeiro@senado.leg.br;33036788;1;Não;PP;PB;Não;Sim;;;;;;;;;;;;;;;;;;;;;
5998;820;Daniella Ribeiro;Daniella Velloso Borges Ribeiro;Feminino;Senadora;http://www.senado.leg.br/senadores/img/fotos-oficiais/senador5998.jpg;http://www25.senado.leg.br/web/senadores/senador/-/perfil/5998;;sen.daniellaribeiro@senado.leg.br;33036790;2;Não;PP;PB;Não;Sim;;;;;;;;;;;;;;;;;;;;;
;;;;;;;;;;;;;;;;;565;PB;56;2019-02-01;2023-01-31;;;;Titular;;;;;;;;;;;;
;;;;;;;;;;;;;;;;;565;PB;;;;57;2023-02-01;2027-01-31;Titular;;;;;;;;;;;;
;;;;;;;;;;;;;;;;;565;PB;;;;;;;Titular;;;;1º Suplente;5996;Diego Tavares;;;;;;
;;;;;;;;;;;;;;;;;565;PB;;;;;;;Titular;;;;2º Suplente;5997;Nailde Panta;;;;;;
;;;;;;;;;;;;;;;;;565;PB;;;;;;;Titular;;;;;;;2964;2021-01-22;;;;
;;;;;;;;;;;;;;;;;565;PB;;;;;;;Titular;;;;;;;2898;2019-02-01;2020-09-23;LP;Licença Particular;
3830;834;Davi Alcolumbre;David Samuel Alcolumbre Tobelem;Masculino;Senador;http://www.senado.leg.br/senadores/img/fotos-oficiais/senador3830.jpg;http://www25.senado.leg.br/web/senadores/senador/-/perfil/3830;;sen.davialcolumbre@senado.leg.br;33036717;1;Não;DEM;AP;Não;Não;;;;;;;;;;;;;;;;;;;;;
3830;834;Davi Alcolumbre;David Samuel Alcolumbre Tobelem;Masculino;Senador;http://www.senado.leg.br/senadores/img/fotos-oficiais/senador3830.jpg;http://www25.senado.leg.br/web/senadores/senador/-/perfil/3830;;sen.davialcolumbre@senado.leg.br;33036720;2;Não;DEM;AP;Não;Não;;;;;;;;;;;;;;;;;;;;;
3830;834;Davi Alcolumbre;David Samuel Alcolumbre Tobelem;Masculino;Senador;http://www.senado.leg.br/senadores/img/fotos-oficiais/senador3830.jpg;http://www25.senado.leg.br/web/senadores/senador/-/perfil/3830;;sen.davialcolumbre@senado.leg.br;33036723;4;Não;DEM;AP;Não;Não;;;;;;;;;;;;;;;;;;;;;
;;;;;;;;;;;;;;;;;501;AP;55;2015-02-01;2019-01-31;;;;Titular;;;;;;;;;;;;
;;;;;;;;;;;;;;;;;501;AP;;;;56;2019-02-01;2023-01-31;Titular;;;;;;;;;;;;
;;;;;;;;;;;;;;;;;501;AP;;;;;;;Titular;;;;1º Suplente;5569;Josiel;;;;;;
;;;;;;;;;;;;;;;;;501;AP;;;;;;;Titular;;;;2º Suplente;5571;Marquinho;;;;;;
;;;;;;;;;;;;;;;;;501;AP;;;;;;;Titular;;;;;;;2732;2015-02-01;;;;
5537;928;Dário Berger;Dário Elias Berger;Masculino;Senador;http://www.senado.leg.br/senadores/img/fotos-oficiais/senador5537.jpg;http://www25.senado.leg.br/web/senadores/senador/-/perfil/5537;https://www.darioberger.com.br/;sen.darioberger@senado.leg.br;33035947;1;Não;MDB;SC;Não;Não;;;;;;;;;;;;;;;;;;;;;
5537;928;Dário Berger;Dário Elias Berger;Masculino;Senador;http://www.senado.leg.br/senadores/img/fotos-oficiais/senador5537.jpg;http://www25.senado.leg.br/web/senadores/senador/-/perfil/5537;https://www.darioberger.com.br/;sen.darioberger@senado.leg.br;33035951;2;Não;MDB;SC;Não;Não;;;;;;;;;;;;;;;;;;;;;
5537;928;Dário Berger;Dário Elias Berger;Masculino;Senador;http://www.senado.leg.br/senadores/img/fotos-oficiais/senador5537.jpg;http://www25.senado.leg.br/web/senadores/senador/-/perfil/5537;https://www.darioberger.com.br/;sen.darioberger@senado.leg.br;33035955;3;Sim;MDB;SC;Não;Não;;;;;;;;;;;;;;;;;;;;;
;;;;;;;;;;;;;;;;;499;SC;55;2015-02-01;2019-01-31;;;;Titular;;;;;;;;;;;;
;;;;;;;;;;;;;;;;;499;SC;;;;56;2019-02-01;2023-01-31;Titular;;;;;;;;;;;;
;;;;;;;;;;;;;;;;;499;SC;;;;;;;Titular;;;;1º Suplente;336;Paulo Gouvêa;;;;;;
;;;;;;;;;;;;;;;;;499;SC;;;;;;;Titular;;;;2º Suplente;5631;Ayres Marchetti;;;;;;
;;;;;;;;;;;;;;;;;499;SC;;;;;;;Titular;;;;;;;2731;2015-02-01;;;;
4994;802;Eduardo Braga;Carlos Eduardo de Souza Braga;Masculino;Senador;http://www.senado.leg.br/senadores/img/fotos-oficiais/senador4994.jpg;http://www25.senado.leg.br/web/senadores/senador/-/perfil/4994;;sen.eduardobraga@senado.leg.br;33036230;1;Não;MDB;AM;Não;Sim;;;;;;;;;;;;;;;;;;;;;
;;;;;;;;;;;;;;;;;521;AM;56;2019-02-01;2023-01-31;;;;Titular;;;;;;;;;;;;
;;;;;;;;;;;;;;;;;521;AM;;;;57;2023-02-01;2027-01-31;Titular;;;;;;;;;;;;
;;;;;;;;;;;;;;;;;521;AM;;;;;;;Titular;;;;1º Suplente;5038;Sandra Braga;;;;;;
;;;;;;;;;;;;;;;;;521;AM;;;;;;;Titular;;;;2º Suplente;5935;Miguel Biango;;;;;;
;;;;;;;;;;;;;;;;;521;AM;;;;;;;Titular;;;;;;;2893;2019-02-01;;;;
5976;826;Eduardo Girão;Luis Eduardo Grangeiro Girão;Masculino;Senador;http://www.senado.leg.br/senadores/img/fotos-oficiais/senador5976.jpg;http://www25.senado.leg.br/web/senadores/senador/-/perfil/5976;;sen.eduardogirao@senado.leg.br;33036677;1;Não;PODEMOS;CE;Não;Sim;;;;;;;;;;;;;;;;;;;;;
5976;826;Eduardo Girão;Luis Eduardo Grangeiro Girão;Masculino;Senador;http://www.senado.leg.br/senadores/img/fotos-oficiais/senador5976.jpg;http://www25.senado.leg.br/web/senadores/senador/-/perfil/5976;;sen.eduardogirao@senado.leg.br;33036678;2;Não;PODEMOS;CE;Não;Sim;;;;;;;;;;;;;;;;;;;;;
5976;826;Eduardo Girão;Luis Eduardo Grangeiro Girão;Masculino;Senador;http://www.senado.leg.br/senadores/img/fotos-oficiais/senador5976.jpg;http://www25.senado.leg.br/web/senadores/senador/-/perfil/5976;;sen.eduardogirao@senado.leg.br;33036679;3;Não;PODEMOS;CE;Não;Sim;;;;;;;;;;;;;;;;;;;;;
;;;;;;;;;;;;;;;;;557;CE;56;2019-02-01;2023-01-31;;;;Titular;;;;;;;;;;;;
;;;;;;;;;;;;;;;;;557;CE;;;;57;2023-02-01;2027-01-31;Titular;;;;;;;;;;;;
;;;;;;;;;;;;;;;;;557;CE;;;;;;;Titular;;;;1º Suplente;5974;Sargento Reginaldo;;;;;;
;;;;;;;;;;;;;;;;;557;CE;;;;;;;Titular;;;;2º Suplente;5975;Dr. Guimarães;;;;;;
;;;;;;;;;;;;;;;;;557;CE;;;;;;;Titular;;;;;;;2920;2019-02-01;;;;
3777;872;Eduardo Gomes;Carlos Eduardo Torres Gomes;Masculino;Senador;http://www.senado.leg.br/senadores/img/fotos-oficiais/senador3777.jpg;http://www25.senado.leg.br/web/senadores/senador/-/perfil/3777;;sen.eduardogomes@senado.leg.br;33036349;1;Não;MDB;TO;Não;Sim;;;;;;;;;;;;;;;;;;;;;
3777;872;Eduardo Gomes;Carlos Eduardo Torres Gomes;Masculino;Senador;http://www.senado.leg.br/senadores/img/fotos-oficiais/senador3777.jpg;http://www25.senado.leg.br/web/senadores/senador/-/perfil/3777;;sen.eduardogomes@senado.leg.br;33036352;2;Não;MDB;TO;Não;Sim;;;;;;;;;;;;;;;;;;;;;
3777;872;Eduardo Gomes;Carlos Eduardo Torres Gomes;Masculino;Senador;http://www.senado.leg.br/senadores/img/fotos-oficiais/senador3777.jpg;http://www25.senado.leg.br/web/senadores/senador/-/perfil/3777;;sen.eduardogomes@senado.leg.br;33036354;3;Sim;MDB;TO;Não;Sim;;;;;;;;;;;;;;;;;;;;;
;;;;;;;;;;;;;;;;;568;TO;56;2019-02-01;2023-01-31;;;;Titular;;;;;;;;;;;;
;;;;;;;;;;;;;;;;;568;TO;;;;57;2023-02-01;2027-01-31;Titular;;;;;;;;;;;;
;;;;;;;;;;;;;;;;;568;TO;;;;;;;Titular;;;;1º Suplente;6005;Siqueira Campos;;;;;;
;;;;;;;;;;;;;;;;;568;TO;;;;;;;Titular;;;;2º Suplente;6006;Ogari Pacheco;;;;;;
;;;;;;;;;;;;;;;;;568;TO;;;;;;;Titular;;;;;;;2947;2019-08-15;;;;2019-08-15
;;;;;;;;;;;;;;;;;568;TO;;;;;;;Titular;;;;;;;2894;2019-02-01;2019-07-12;AFO;Afastamento do exercício;2019-07-12
5898;936;Eliane Nogueira;Eliane e Silva Nogueira Lima;Feminino;Senadora;http://www.senado.leg.br/senadores/img/fotos-oficiais/senador5898.jpg;http://www25.senado.leg.br/web/senadores/senador/-/perfil/5898;;sen.elianenogueira@senado.leg.br;33036187;1;Não;PP;PI;Não;Não;;;;;;;;;;;;;;;;;;;;;
5898;936;Eliane Nogueira;Eliane e Silva Nogueira Lima;Feminino;Senadora;http://www.senado.leg.br/senadores/img/fotos-oficiais/senador5898.jpg;http://www25.senado.leg.br/web/senadores/senador/-/perfil/5898;;sen.elianenogueira@senado.leg.br;33036188;2;Não;PP;PI;Não;Não;;;;;;;;;;;;;;;;;;;;;
5898;936;Eliane Nogueira;Eliane e Silva Nogueira Lima;Feminino;Senadora;http://www.senado.leg.br/senadores/img/fotos-oficiais/senador5898.jpg;http://www25.senado.leg.br/web/senadores/senador/-/perfil/5898;;sen.elianenogueira@senado.leg.br;33036192;3;Não;PP;PI;Não;Não;;;;;;;;;;;;;;;;;;;;;
;;;;;;;;;;;;;;;;;524;PI;56;2019-02-01;2023-01-31;;;;1º Suplente;;;;;;;;;;;;
;;;;;;;;;;;;;;;;;524;PI;;;;57;2023-02-01;2027-01-31;1º Suplente;;;;;;;;;;;;
;;;;;;;;;;;;;;;;;524;PI;;;;;;;1º Suplente;Titular;739;Ciro Nogueira;;;;;;;;;
;;;;;;;;;;;;;;;;;524;PI;;;;;;;1º Suplente;;;;2º Suplente;5900;Gil Paraibano;;;;;;
;;;;;;;;;;;;;;;;;524;PI;;;;;;;1º Suplente;;;;;;;2968;2021-07-28;;;;
5718;806;Eliziane Gama;Eliziane Pereira Gama Melo;Feminino;Senadora;http://www.senado.leg.br/senadores/img/fotos-oficiais/senador5718.jpg;http://www25.senado.leg.br/web/senadores/senador/-/perfil/5718;;sen.elizianegama@senado.leg.br;33036741;1;Não;CIDADANIA;MA;Sim;Sim;;;;;;;;;;;;;;;;;;;;;
5718;806;Eliziane Gama;Eliziane Pereira Gama Melo;Feminino;Senadora;http://www.senado.leg.br/senadores/img/fotos-oficiais/senador5718.jpg;http://www25.senado.leg.br/web/senadores/senador/-/perfil/5718;;sen.elizianegama@senado.leg.br;33036703;2;Não;CIDADANIA;MA;Sim;Sim;;;;;;;;;;;;;;;;;;;;;
;;;;;;;;;;;;;;;;;542;MA;56;2019-02-01;2023-01-31;;;;Titular;;;;;;;;;;;;
;;;;;;;;;;;;;;;;;542;MA;;;;57;2023-02-01;2027-01-31;Titular;;;;;;;;;;;;
;;;;;;;;;;;;;;;;;542;MA;;;;;;;Titular;;;;1º Suplente;674;Pedro Fernandes;;;;;;
;;;;;;;;;;;;;;;;;542;MA;;;;;;;Titular;;;;2º Suplente;4979;Bene Camacho;;;;;;
;;;;;;;;;;;;;;;;;542;MA;;;;;;;Titular;;;;;;;2900;2019-02-01;;;;
5531;810;Elmano Férrer;Elmano Férrer de Almeida;Masculino;Senador;http://www.senado.leg.br/senadores/img/fotos-oficiais/senador5531.jpg;http://www25.senado.leg.br/web/senadores/senador/-/perfil/5531;;sen.elmanoferrer@senado.leg.br;33032415;1;Não;PP;PI;Sim;Sim;;;;;;;;;;;;;;;;;;;;;
5531;810;Elmano Férrer;Elmano Férrer de Almeida;Masculino;Senador;http://www.senado.leg.br/senadores/img/fotos-oficiais/senador5531.jpg;http://www25.senado.leg.br/web/senadores/senador/-/perfil/5531;;sen.elmanoferrer@senado.leg.br;33033055;2;Não;PP;PI;Sim;Sim;;;;;;;;;;;;;;;;;;;;;
5531;810;Elmano Férrer;Elmano Férrer de Almeida;Masculino;Senador;http://www.senado.leg.br/senadores/img/fotos-oficiais/senador5531.jpg;http://www25.senado.leg.br/web/senadores/senador/-/perfil/5531;;sen.elmanoferrer@senado.leg.br;33031015;3;Não;PP;PI;Sim;Sim;;;;;;;;;;;;;;;;;;;;;
;;;;;;;;;;;;;;;;;496;PI;55;2015-02-01;2019-01-31;;;;Titular;;;;;;;;;;;;
;;;;;;;;;;;;;;;;;496;PI;;;;56;2019-02-01;2023-01-31;Titular;;;;;;;;;;;;
;;;;;;;;;;;;;;;;;496;PI;;;;;;;Titular;;;;1º Suplente;5849;José Amauri;;;;;;
;;;;;;;;;;;;;;;;;496;PI;;;;;;;Titular;;;;2º Suplente;5607;Alzenir Porto;;;;;;
;;;;;;;;;;;;;;;;;496;PI;;;;;;;Titular;;;;;;;2874;2018-11-08;;;;
;;;;;;;;;;;;;;;;;496;PI;;;;;;;Titular;;;;;;;2734;2015-02-01;2018-07-09;LSP;Licença Saúde-Particular;
22;882;Esperidião Amin;Esperidião Amin Helou Filho;Masculino;Senador;http://www.senado.leg.br/senadores/img/fotos-oficiais/senador22.jpg;http://www25.senado.leg.br/web/senadores/senador/-/perfil/22;;sen.esperidiaoamin@senado.leg.br;33036446;1;Não;PP;SC;Não;Não;;;;;;;;;;;;;;;;;;;;;
22;882;Esperidião Amin;Esperidião Amin Helou Filho;Masculino;Senador;http://www.senado.leg.br/senadores/img/fotos-oficiais/senador22.jpg;http://www25.senado.leg.br/web/senadores/senador/-/perfil/22;;sen.esperidiaoamin@senado.leg.br;33036447;2;Não;PP;SC;Não;Não;;;;;;;;;;;;;;;;;;;;;
22;882;Esperidião Amin;Esperidião Amin Helou Filho;Masculino;Senador;http://www.senado.leg.br/senadores/img/fotos-oficiais/senador22.jpg;http://www25.senado.leg.br/web/senadores/senador/-/perfil/22;;sen.esperidiaoamin@senado.leg.br;33036454;3;Não;PP;SC;Não;Não;;;;;;;;;;;;;;;;;;;;;
;;;;;;;;;;;;;;;;;572;SC;56;2019-02-01;2023-01-31;;;;Titular;;;;;;;;;;;;
;;;;;;;;;;;;;;;;;572;SC;;;;57;2023-02-01;2027-01-31;Titular;;;;;;;;;;;;
;;;;;;;;;;;;;;;;;572;SC;;;;;;;Titular;;;;1º Suplente;196;Geraldo Althoff;;;;;;
;;;;;;;;;;;;;;;;;572;SC;;;;;;;Titular;;;;2º Suplente;6012;Denise dos Santos;;;;;;
;;;;;;;;;;;;;;;;;572;SC;;;;;;;Titular;;;;;;;2901;2019-02-01;;;;
5953;835;Fabiano Contarato;Fabiano Contarato;Masculino;Senador;http://www.senado.leg.br/senadores/img/fotos-oficiais/senador5953.jpg;http://www25.senado.leg.br/web/senadores/senador/-/perfil/5953;;sen.fabianocontarato@senado.leg.br;33039049;1;Não;PT;ES;Não;Não;;;;;;;;;;;;;;;;;;;;;
;;;;;;;;;;;;;;;;;548;ES;56;2019-02-01;2023-01-31;;;;Titular;;;;;;;;;;;;
;;;;;;;;;;;;;;;;;548;ES;;;;57;2023-02-01;2027-01-31;Titular;;;;;;;;;;;;
;;;;;;;;;;;;;;;;;548;ES;;;;;;;Titular;;;;1º Suplente;5950;Ana Paula Tongo;;;;;;
;;;;;;;;;;;;;;;;;548;ES;;;;;;;Titular;;;;2º Suplente;5952;Bento;;;;;;
;;;;;;;;;;;;;;;;;548;ES;;;;;;;Titular;;;;;;;2902;2019-02-01;;;;
5540;822;Fernando Bezerra Coelho;Fernando Bezerra de Souza Coelho;Masculino;Senador;http://www.senado.leg.br/senadores/img/fotos-oficiais/senador5540.jpg;http://www25.senado.leg.br/web/senadores/senador/-/perfil/5540;https://www.facebook.com/fernando.bezerracoelho?fref=ts;sen.fernandobezerracoelho@senado.leg.br;33032182;1;Não;MDB;PE;Não;Não;;;;;;;;;;;;;;;;;;;;;
5540;822;Fernando Bezerra Coelho;Fernando Bezerra de Souza Coelho;Masculino;Senador;http://www.senado.leg.br/senadores/img/fotos-oficiais/senador5540.jpg;http://www25.senado.leg.br/web/senadores/senador/-/perfil/5540;https://www.facebook.com/fernando.bezerracoelho?fref=ts;sen.fernandobezerracoelho@senado.leg.br;33034084;2;Não;MDB;PE;Não;Não;;;;;;;;;;;;;;;;;;;;;
5540;822;Fernando Bezerra Coelho;Fernando Bezerra de Souza Coelho;Masculino;Senador;http://www.senado.leg.br/senadores/img/fotos-oficiais/senador5540.jpg;http://www25.senado.leg.br/web/senadores/senador/-/perfil/5540;https://www.facebook.com/fernando.bezerracoelho?fref=ts;sen.fernandobezerracoelho@senado.leg.br;33032189;3;Sim;MDB;PE;Não;Não;;;;;;;;;;;;;;;;;;;;;
;;;;;;;;;;;;;;;;;519;PE;55;2015-02-01;2019-01-31;;;;Titular;;;;;;;;;;;;
;;;;;;;;;;;;;;;;;519;PE;;;;56;2019-02-01;2023-01-31;Titular;;;;;;;;;;;;
;;;;;;;;;;;;;;;;;519;PE;;;;;;;Titular;;;;1º Suplente;5603;Carlos Augusto Costa;;;;;;
;;;;;;;;;;;;;;;;;519;PE;;;;;;;Titular;;;;2º Suplente;5605;Eliane Rodrigues;;;;;;
;;;;;;;;;;;;;;;;;519;PE;;;;;;;Titular;;;;;;;2736;2015-02-01;;;;
4525;927;Fernando Collor;Fernando Affonso Collor de Mello;Masculino;Senador;http://www.senado.leg.br/senadores/img/fotos-oficiais/senador4525.jpg;http://www25.senado.leg.br/web/senadores/senador/-/perfil/4525;http://www.fernandocollor.com.br/;Sen.fernandocollor@senado.leg.br;33035783;1;Não;PROS;AL;Não;Não;;;;;;;;;;;;;;;;;;;;;
4525;927;Fernando Collor;Fernando Affonso Collor de Mello;Masculino;Senador;http://www.senado.leg.br/senadores/img/fotos-oficiais/senador4525.jpg;http://www25.senado.leg.br/web/senadores/senador/-/perfil/4525;http://www.fernandocollor.com.br/;Sen.fernandocollor@senado.leg.br;33035789;2;Sim;PROS;AL;Não;Não;;;;;;;;;;;;;;;;;;;;;
4525;927;Fernando Collor;Fernando Affonso Collor de Mello;Masculino;Senador;http://www.senado.leg.br/senadores/img/fotos-oficiais/senador4525.jpg;http://www25.senado.leg.br/web/senadores/senador/-/perfil/4525;http://www.fernandocollor.com.br/;Sen.fernandocollor@senado.leg.br;33035787;3;Não;PROS;AL;Não;Não;;;;;;;;;;;;;;;;;;;;;
;;;;;;;;;;;;;;;;;511;AL;55;2015-02-01;2019-01-31;;;;Titular;;;;;;;;;;;;
;;;;;;;;;;;;;;;;;511;AL;;;;56;2019-02-01;2023-01-31;Titular;;;;;;;;;;;;
;;;;;;;;;;;;;;;;;511;AL;;;;;;;Titular;;;;1º Suplente;5561;Renilde Bulhões;;;;;;
;;;;;;;;;;;;;;;;;511;AL;;;;;;;Titular;;;;2º Suplente;5563;Severino Leão;;;;;;
;;;;;;;;;;;;;;;;;511;AL;;;;;;;Titular;;;;;;;2946;2019-08-01;;;;
;;;;;;;;;;;;;;;;;511;AL;;;;;;;Titular;;;;;;;2756;2015-02-01;2019-04-01;LSP;Licença Saúde-Particular;2019-04-02
345;856;Flávio Arns;Flávio José Arns;Masculino;Senador;http://www.senado.leg.br/senadores/img/fotos-oficiais/senador345.jpg;http://www25.senado.leg.br/web/senadores/senador/-/perfil/345;http://www.flavioarns.com.br;sen.flavioarns@senado.leg.br;33036301;1;Não;PODEMOS;PR;Não;Sim;;;;;;;;;;;;;;;;;;;;;
;;;;;;;;;;;;;;;;;540;PR;56;2019-02-01;2023-01-31;;;;Titular;;;;;;;;;;;;
;;;;;;;;;;;;;;;;;540;PR;;;;57;2023-02-01;2027-01-31;Titular;;;;;;;;;;;;
;;;;;;;;;;;;;;;;;540;PR;;;;;;;Titular;;;;1º Suplente;5919;Vilson Basso;;;;;;
;;;;;;;;;;;;;;;;;540;PR;;;;;;;Titular;;;;2º Suplente;5920;Flavio Vicente;;;;;;
;;;;;;;;;;;;;;;;;540;PR;;;;;;;Titular;;;;;;;2903;2019-02-01;;;;
5894;841;Flávio Bolsonaro;Flávio Nantes Bolsonaro;Masculino;Senador;http://www.senado.leg.br/senadores/img/fotos-oficiais/senador5894.jpg;http://www25.senado.leg.br/web/senadores/senador/-/perfil/5894;;sen.flaviobolsonaro@senado.leg.br;33031717;1;Não;PL;RJ;Não;Não;;;;;;;;;;;;;;;;;;;;;
5894;841;Flávio Bolsonaro;Flávio Nantes Bolsonaro;Masculino;Senador;http://www.senado.leg.br/senadores/img/fotos-oficiais/senador5894.jpg;http://www25.senado.leg.br/web/senadores/senador/-/perfil/5894;;sen.flaviobolsonaro@senado.leg.br;33031718;2;Não;PL;RJ;Não;Não;;;;;;;;;;;;;;;;;;;;;
;;;;;;;;;;;;;;;;;532;RJ;56;2019-02-01;2023-01-31;;;;Titular;;;;;;;;;;;;
;;;;;;;;;;;;;;;;;532;RJ;;;;57;2023-02-01;2027-01-31;Titular;;;;;;;;;;;;
;;;;;;;;;;;;;;;;;532;RJ;;;;;;;Titular;;;;1º Suplente;5901;Paulo Marinho;;;;;;
;;;;;;;;;;;;;;;;;532;RJ;;;;;;;Titular;;;;2º Suplente;5903;Leonardo Rodrigues;;;;;;
;;;;;;;;;;;;;;;;;532;RJ;;;;;;;Titular;;;;;;;2904;2019-02-01;;;;
6008;935;Giordano;Alexandre Luiz Giordano;Masculino;Senador;http://www.senado.leg.br/senadores/img/fotos-oficiais/senador6008.jpg;http://www25.senado.leg.br/web/senadores/senador/-/perfil/6008;;sen.giordano@senado.leg.br;33034177;1;Não;MDB;SP;Não;Não;;;;;;;;;;;;;;;;;;;;;
;;;;;;;;;;;;;;;;;570;SP;56;2019-02-01;2023-01-31;;;;1º Suplente;;;;;;;;;;;;
;;;;;;;;;;;;;;;;;570;SP;;;;57;2023-02-01;2027-01-31;1º Suplente;;;;;;;;;;;;
;;;;;;;;;;;;;;;;;570;SP;;;;;;;1º Suplente;Titular;5666;Major Olimpio;;;;;;;;;
;;;;;;;;;;;;;;;;;570;SP;;;;;;;1º Suplente;;;;2º Suplente;6009;Astronauta Marcos Pontes;;;;;;
;;;;;;;;;;;;;;;;;570;SP;;;;;;;1º Suplente;;;;;;;2966;2021-03-31;;;;
5008;824;Humberto Costa;Humberto Sérgio Costa Lima;Masculino;Senador;http://www.senado.leg.br/senadores/img/fotos-oficiais/senador5008.jpg;http://www25.senado.leg.br/web/senadores/senador/-/perfil/5008;http://www.senadorhumberto.com.br/;sen.humbertocosta@senado.leg.br;33036285;1;Não;PT;PE;Não;Não;;;;;;;;;;;;;;;;;;;;;
5008;824;Humberto Costa;Humberto Sérgio Costa Lima;Masculino;Senador;http://www.senado.leg.br/senadores/img/fotos-oficiais/senador5008.jpg;http://www25.senado.leg.br/web/senadores/senador/-/perfil/5008;http://www.senadorhumberto.com.br/;sen.humbertocosta@senado.leg.br;33036286;2;Não;PT;PE;Não;Não;;;;;;;;;;;;;;;;;;;;;
;;;;;;;;;;;;;;;;;525;PE;56;2019-02-01;2023-01-31;;;;Titular;;;;;;;;;;;;
;;;;;;;;;;;;;;;;;525;PE;;;;57;2023-02-01;2027-01-31;Titular;;;;;;;;;;;;
;;;;;;;;;;;;;;;;;525;PE;;;;;;;Titular;;;;1º Suplente;5914;Waldemar Oliveira;;;;;;
;;;;;;;;;;;;;;;;;525;PE;;;;;;;Titular;;;;2º Suplente;5915;Marcia do Angico;;;;;;
;;;;;;;;;;;;;;;;;525;PE;;;;;;;Titular;;;;;;;2907;2019-02-01;;;;
5385;883;Irajá;Irajá Silvestre Filho;Masculino;Senador;http://www.senado.leg.br/senadores/img/fotos-oficiais/senador5385.jpg;http://www25.senado.leg.br/web/senadores/senador/-/perfil/5385;;sen.iraja@senado.leg.br;33036469;2;Não;PSD;TO;Sim;Não;;;;;;;;;;;;;;;;;;;;;
5385;883;Irajá;Irajá Silvestre Filho;Masculino;Senador;http://www.senado.leg.br/senadores/img/fotos-oficiais/senador5385.jpg;http://www25.senado.leg.br/web/senadores/senador/-/perfil/5385;;sen.iraja@senado.leg.br;33036474;3;Sim;PSD;TO;Sim;Não;;;;;;;;;;;;;;;;;;;;;
;;;;;;;;;;;;;;;;;567;TO;56;2019-02-01;2023-01-31;;;;Titular;;;;;;;;;;;;
;;;;;;;;;;;;;;;;;567;TO;;;;57;2023-02-01;2027-01-31;Titular;;;;;;;;;;;;
;;;;;;;;;;;;;;;;;567;TO;;;;;;;Titular;;;;1º Suplente;6287;Marcos de Souza Costa;;;;;;
;;;;;;;;;;;;;;;;;567;TO;;;;;;;Titular;;;;2º Suplente;6004;Terciliano Gomes;;;;;;
;;;;;;;;;;;;;;;;;567;TO;;;;;;;Titular;;;;;;;2908;2019-02-01;;;;
4770;851;Izalci Lucas;Izalci Lucas Ferreira;Masculino;Senador;http://www.senado.leg.br/senadores/img/fotos-oficiais/senador4770.jpg;http://www25.senado.leg.br/web/senadores/senador/-/perfil/4770;;sen.izalcilucas@senado.leg.br;33036049;1;Não;PSDB;DF;Não;Sim;;;;;;;;;;;;;;;;;;;;;
4770;851;Izalci Lucas;Izalci Lucas Ferreira;Masculino;Senador;http://www.senado.leg.br/senadores/img/fotos-oficiais/senador4770.jpg;http://www25.senado.leg.br/web/senadores/senador/-/perfil/4770;;sen.izalcilucas@senado.leg.br;33036050;2;Não;PSDB;DF;Não;Sim;;;;;;;;;;;;;;;;;;;;;
;;;;;;;;;;;;;;;;;552;DF;56;2019-02-01;2023-01-31;;;;Titular;;;;;;;;;;;;
;;;;;;;;;;;;;;;;;552;DF;;;;57;2023-02-01;2027-01-31;Titular;;;;;;;;;;;;
;;;;;;;;;;;;;;;;;552;DF;;;;;;;Titular;;;;1º Suplente;5968;Luis Felipe Belmonte;;;;;;
;;;;;;;;;;;;;;;;;552;DF;;;;;;;Titular;;;;2º Suplente;5969;Andre Filipe;;;;;;
;;;;;;;;;;;;;;;;;552;DF;;;;;;;Titular;;;;;;;2909;2019-02-01;;;;
35;932;Jader Barbalho;Jader Fontenelle Barbalho;Masculino;Senador;http://www.senado.leg.br/senadores/img/fotos-oficiais/senador35.jpg;http://www25.senado.leg.br/web/senadores/senador/-/perfil/35;http://jaderbarbalho.com.br/;sen.jaderbarbalho@senado.leg.br;33039831;2;Não;MDB;PA;Não;Não;;;;;;;;;;;;;;;;;;;;;
35;932;Jader Barbalho;Jader Fontenelle Barbalho;Masculino;Senador;http://www.senado.leg.br/senadores/img/fotos-oficiais/senador35.jpg;http://www25.senado.leg.br/web/senadores/senador/-/perfil/35;http://jaderbarbalho.com.br/;sen.jaderbarbalho@senado.leg.br;33039827;3;Não;MDB;PA;Não;Não;;;;;;;;;;;;;;;;;;;;;
35;932;Jader Barbalho;Jader Fontenelle Barbalho;Masculino;Senador;http://www.senado.leg.br/senadores/img/fotos-oficiais/senador35.jpg;http://www25.senado.leg.br/web/senadores/senador/-/perfil/35;http://jaderbarbalho.com.br/;sen.jaderbarbalho@senado.leg.br;33039832;4;Não;MDB;PA;Não;Não;;;;;;;;;;;;;;;;;;;;;
35;932;Jader Barbalho;Jader Fontenelle Barbalho;Masculino;Senador;http://www.senado.leg.br/senadores/img/fotos-oficiais/senador35.jpg;http://www25.senado.leg.br/web/senadores/senador/-/perfil/35;http://jaderbarbalho.com.br/;sen.jaderbarbalho@senado.leg.br;33039828;5;Sim;MDB;PA;Não;Não;;;;;;;;;;;;;;;;;;;;;
;;;;;;;;;;;;;;;;;528;PA;56;2019-02-01;2023-01-31;;;;Titular;;;;;;;;;;;;
;;;;;;;;;;;;;;;;;528;PA;;;;57;2023-02-01;2027-01-31;Titular;;;;;;;;;;;;
;;;;;;;;;;;;;;;;;528;PA;;;;;;;Titular;;;;1º Suplente;5999;Helenilson Pontes;;;;;;
;;;;;;;;;;;;;;;;;528;PA;;;;;;;Titular;;;;2º Suplente;6000;Chamon;;;;;;
;;;;;;;;;;;;;;;;;528;PA;;;;;;;Titular;;;;;;;2910;2019-02-01;;;;
581;833;Jaques Wagner;Jaques Wagner;Masculino;Senador;http://www.senado.leg.br/senadores/img/fotos-oficiais/senador581.jpg;http://www25.senado.leg.br/web/senadores/senador/-/perfil/581;https://pt-br.facebook.com/jaqueswagneroficial/;sen.jaqueswagner@senado.leg.br;33036390;1;Não;PT;BA;Não;Não;;;;;;;;;;;;;;;;;;;;;
581;833;Jaques Wagner;Jaques Wagner;Masculino;Senador;http://www.senado.leg.br/senadores/img/fotos-oficiais/senador581.jpg;http://www25.senado.leg.br/web/senadores/senador/-/perfil/581;https://pt-br.facebook.com/jaqueswagneroficial/;sen.jaqueswagner@senado.leg.br;33036391;2;Não;PT;BA;Não;Não;;;;;;;;;;;;;;;;;;;;;
;;;;;;;;;;;;;;;;;555;BA;56;2019-02-01;2023-01-31;;;;Titular;;;;;;;;;;;;
;;;;;;;;;;;;;;;;;555;BA;;;;57;2023-02-01;2027-01-31;Titular;;;;;;;;;;;;
;;;;;;;;;;;;;;;;;555;BA;;;;;;;Titular;;;;1º Suplente;5554;Bebeto;;;;;;
;;;;;;;;;;;;;;;;;555;BA;;;;;;;Titular;;;;2º Suplente;6014;Luciana Leão Muniz;;;;;;
;;;;;;;;;;;;;;;;;555;BA;;;;;;;Titular;;;;;;;2911;2019-02-01;;;;
4545;823;Jarbas Vasconcelos;Jarbas de Andrade Vasconcelos;Masculino;Senador;http://www.senado.leg.br/senadores/img/fotos-oficiais/senador4545.jpg;http://www25.senado.leg.br/web/senadores/senador/-/perfil/4545;;sen.jarbasvasconcelos@senado.leg.br;33033522;1;Não;MDB;PE;Não;Não;;;;;;;;;;;;;;;;;;;;;
;;;;;;;;;;;;;;;;;526;PE;56;2019-02-01;2023-01-31;;;;Titular;;;;;;;;;;;;
;;;;;;;;;;;;;;;;;526;PE;;;;57;2023-02-01;2027-01-31;Titular;;;;;;;;;;;;
;;;;;;;;;;;;;;;;;526;PE;;;;;;;Titular;;;;1º Suplente;5917;Fernando Dueire;;;;;;
;;;;;;;;;;;;;;;;;526;PE;;;;;;;Titular;;;;2º Suplente;5918;Adilson Gomes;;;;;;
;;;;;;;;;;;;;;;;;526;PE;;;;;;;Titular;;;;;;;2912;2019-02-01;;;;
4531;837;Jayme Campos;Jayme Veríssimo de Campos;Masculino;Senador;http://www.senado.leg.br/senadores/img/fotos-oficiais/senador4531.jpg;http://www25.senado.leg.br/web/senadores/senador/-/perfil/4531;;Sen.JaymeCampos@senado.leg.br;33032390;1;Não;DEM;MT;Não;Não;;;;;;;;;;;;;;;;;;;;;
4531;837;Jayme Campos;Jayme Veríssimo de Campos;Masculino;Senador;http://www.senado.leg.br/senadores/img/fotos-oficiais/senador4531.jpg;http://www25.senado.leg.br/web/senadores/senador/-/perfil/4531;;Sen.JaymeCampos@senado.leg.br;33032384;2;Não;DEM;MT;Não;Não;;;;;;;;;;;;;;;;;;;;;
4531;837;Jayme Campos;Jayme Veríssimo de Campos;Masculino;Senador;http://www.senado.leg.br/senadores/img/fotos-oficiais/senador4531.jpg;http://www25.senado.leg.br/web/senadores/senador/-/perfil/4531;;Sen.JaymeCampos@senado.leg.br;33032394;3;Não;DEM;MT;Não;Não;;;;;;;;;;;;;;;;;;;;;
;;;;;;;;;;;;;;;;;553;MT;56;2019-02-01;2023-01-31;;;;Titular;;;;;;;;;;;;
;;;;;;;;;;;;;;;;;553;MT;;;;57;2023-02-01;2027-01-31;Titular;;;;;;;;;;;;
;;;;;;;;;;;;;;;;;553;MT;;;;;;;Titular;;;;1º Suplente;5740;Fabio Garcia;;;;;;
;;;;;;;;;;;;;;;;;553;MT;;;;;;;Titular;;;;2º Suplente;5960;Cândida Farias;;;;;;
;;;;;;;;;;;;;;;;;553;MT;;;;;;;Titular;;;;;;;2913;2019-02-01;;;;
5627;890;Jean Paul Prates;Jean Paul Terra Prates;Masculino;Senador;http://www.senado.leg.br/senadores/img/fotos-oficiais/senador5627.jpg;http://www25.senado.leg.br/web/senadores/senador/-/perfil/5627;https://jeanpaulprates.com.br/;sen.jeanpaulprates@senado.leg.br;33031777;1;Não;PT;RN;Não;Sim;;;;;;;;;;;;;;;;;;;;;
5627;890;Jean Paul Prates;Jean Paul Terra Prates;Masculino;Senador;http://www.senado.leg.br/senadores/img/fotos-oficiais/senador5627.jpg;http://www25.senado.leg.br/web/senadores/senador/-/perfil/5627;https://jeanpaulprates.com.br/;sen.jeanpaulprates@senado.leg.br;33031884;2;Não;PT;RN;Não;Sim;;;;;;;;;;;;;;;;;;;;;
;;;;;;;;;;;;;;;;;510;RN;55;2015-02-01;2019-01-31;;;;1º Suplente;;;;;;;;;;;;
;;;;;;;;;;;;;;;;;510;RN;;;;56;2019-02-01;2023-01-31;1º Suplente;;;;;;;;;;;;
;;;;;;;;;;;;;;;;;510;RN;;;;;;;1º Suplente;Titular;3713;Fátima Bezerra;;;;;;;;;
;;;;;;;;;;;;;;;;;510;RN;;;;;;;1º Suplente;;;;2º Suplente;5629;Theodorico Netto;;;;;;
;;;;;;;;;;;;;;;;;510;RN;;;;;;;1º Suplente;;;;;;;2881;2019-01-03;;;;
5895;863;Jorge Kajuru;Jorge Kajuru Reis da Costa Nasser;Masculino;Senador;http://www.senado.leg.br/senadores/img/fotos-oficiais/senador5895.jpg;http://www25.senado.leg.br/web/senadores/senador/-/perfil/5895;;sen.jorgekajuru@senado.leg.br;33032844;1;Não;PODEMOS;GO;Não;Não;;;;;;;;;;;;;;;;;;;;;
5895;863;Jorge Kajuru;Jorge Kajuru Reis da Costa Nasser;Masculino;Senador;http://www.senado.leg.br/senadores/img/fotos-oficiais/senador5895.jpg;http://www25.senado.leg.br/web/senadores/senador/-/perfil/5895;;sen.jorgekajuru@senado.leg.br;33032031;2;Não;PODEMOS;GO;Não;Não;;;;;;;;;;;;;;;;;;;;;
;;;;;;;;;;;;;;;;;533;GO;56;2019-02-01;2023-01-31;;;;Titular;;;;;;;;;;;;
;;;;;;;;;;;;;;;;;533;GO;;;;57;2023-02-01;2027-01-31;Titular;;;;;;;;;;;;
;;;;;;;;;;;;;;;;;533;GO;;;;;;;Titular;;;;1º Suplente;5896;Benjamin Beze Junior;;;;;;
;;;;;;;;;;;;;;;;;533;GO;;;;;;;Titular;;;;2º Suplente;5897;Milton Mercêz;;;;;;
;;;;;;;;;;;;;;;;;533;GO;;;;;;;Titular;;;;;;;2914;2019-02-01;;;;
5350;884;Jorginho Mello;Jorginho dos Santos Mello;Masculino;Senador;http://www.senado.leg.br/senadores/img/fotos-oficiais/senador5350.jpg;http://www25.senado.leg.br/web/senadores/senador/-/perfil/5350;http://www.jorginhomello.com.br/;sen.jorginhomello@senado.leg.br;33032200;1;Não;PL;SC;Sim;Sim;;;;;;;;;;;;;;;;;;;;;
;;;;;;;;;;;;;;;;;571;SC;56;2019-02-01;2023-01-31;;;;Titular;;;;;;;;;;;;
;;;;;;;;;;;;;;;;;571;SC;;;;57;2023-02-01;2027-01-31;Titular;;;;;;;;;;;;
;;;;;;;;;;;;;;;;;571;SC;;;;;;;Titular;;;;1º Suplente;6010;Ivete da Silveira;;;;;;
;;;;;;;;;;;;;;;;;571;SC;;;;;;;Titular;;;;2º Suplente;6011;Beto Martins;;;;;;
;;;;;;;;;;;;;;;;;571;SC;;;;;;;Titular;;;;;;;2915;2019-02-01;;;;
90;846;José Serra;José Serra;Masculino;Senador;http://www.senado.leg.br/senadores/img/fotos-oficiais/senador90.jpg;http://www25.senado.leg.br/web/senadores/senador/-/perfil/90;;sen.joseserra@senado.leg.br;33036651;1;Não;PSDB;SP;Não;Não;;;;;;;;;;;;;;;;;;;;;
90;846;José Serra;José Serra;Masculino;Senador;http://www.senado.leg.br/senadores/img/fotos-oficiais/senador90.jpg;http://www25.senado.leg.br/web/senadores/senador/-/perfil/90;;sen.joseserra@senado.leg.br;33036655;3;Não;PSDB;SP;Não;Não;;;;;;;;;;;;;;;;;;;;;
90;846;José Serra;José Serra;Masculino;Senador;http://www.senado.leg.br/senadores/img/fotos-oficiais/senador90.jpg;http://www25.senado.leg.br/web/senadores/senador/-/perfil/90;;sen.joseserra@senado.leg.br;33036659;4;Sim;PSDB;SP;Não;Não;;;;;;;;;;;;;;;;;;;;;
;;;;;;;;;;;;;;;;;516;SP;55;2015-02-01;2019-01-31;;;;Titular;;;;;;;;;;;;
;;;;;;;;;;;;;;;;;516;SP;;;;56;2019-02-01;2023-01-31;Titular;;;;;;;;;;;;
;;;;;;;;;;;;;;;;;516;SP;;;;;;;Titular;;;;1º Suplente;878;José Aníbal;;;;;;
;;;;;;;;;;;;;;;;;516;SP;;;;;;;Titular;;;;2º Suplente;5633;Atilio Francisco;;;;;;
;;;;;;;;;;;;;;;;;516;SP;;;;;;;Titular;;;;;;;2975;2022-01-31;;;;
;;;;;;;;;;;;;;;;;516;SP;;;;;;;Titular;;;;;;;2814;2017-02-23;2021-08-10;LCS;Licença com convocação de suplente (sup 120 dias);
;;;;;;;;;;;;;;;;;516;SP;;;;;;;Titular;;;;;;;2739;2015-02-01;2016-05-13;AFO;Afastamento do exercício;
1249;885;Kátia Abreu;Kátia Regina de Abreu;Feminino;Senadora;http://www.senado.leg.br/senadores/img/fotos-oficiais/senador1249.jpg;http://www25.senado.leg.br/web/senadores/senador/-/perfil/1249;;sen.katiaabreu@senado.leg.br;33032464;1;Não;PP;TO;Não;Sim;;;;;;;;;;;;;;;;;;;;;
1249;885;Kátia Abreu;Kátia Regina de Abreu;Feminino;Senadora;http://www.senado.leg.br/senadores/img/fotos-oficiais/senador1249.jpg;http://www25.senado.leg.br/web/senadores/senador/-/perfil/1249;;sen.katiaabreu@senado.leg.br;33032708;2;Não;PP;TO;Não;Sim;;;;;;;;;;;;;;;;;;;;;
1249;885;Kátia Abreu;Kátia Regina de Abreu;Feminino;Senadora;http://www.senado.leg.br/senadores/img/fotos-oficiais/senador1249.jpg;http://www25.senado.leg.br/web/senadores/senador/-/perfil/1249;;sen.katiaabreu@senado.leg.br;33035771;3;Não;PP;TO;Não;Sim;;;;;;;;;;;;;;;;;;;;;
1249;885;Kátia Abreu;Kátia Regina de Abreu;Feminino;Senadora;http://www.senado.leg.br/senadores/img/fotos-oficiais/senador1249.jpg;http://www25.senado.leg.br/web/senadores/senador/-/perfil/1249;;sen.katiaabreu@senado.leg.br;33032466;4;Não;PP;TO;Não;Sim;;;;;;;;;;;;;;;;;;;;;
1249;885;Kátia Abreu;Kátia Regina de Abreu;Feminino;Senadora;http://www.senado.leg.br/senadores/img/fotos-oficiais/senador1249.jpg;http://www25.senado.leg.br/web/senadores/senador/-/perfil/1249;;sen.katiaabreu@senado.leg.br;33032990;5;Sim;PP;TO;Não;Sim;;;;;;;;;;;;;;;;;;;;;
;;;;;;;;;;;;;;;;;518;TO;55;2015-02-01;2019-01-31;;;;Titular;;;;;;;;;;;;
;;;;;;;;;;;;;;;;;518;TO;;;;56;2019-02-01;2023-01-31;Titular;;;;;;;;;;;;
;;;;;;;;;;;;;;;;;518;TO;;;;;;;Titular;;;;1º Suplente;5637;Donizeti Nogueira;;;;;;
;;;;;;;;;;;;;;;;;518;TO;;;;;;;Titular;;;;2º Suplente;5639;Guaracy Silveira;;;;;;
;;;;;;;;;;;;;;;;;518;TO;;;;;;;Titular;;;;;;;2886;2019-01-31;;;;
;;;;;;;;;;;;;;;;;518;TO;;;;;;;Titular;;;;;;;2783;2016-05-12;2018-10-28;LP;Licença Particular;
;;;;;;;;;;;;;;;;;518;TO;;;;;;;Titular;;;;;;;2757;2015-02-01;2015-02-02;AFO;Afastamento do exercício;
5533;861;Lasier Martins;Lasier Costa Martins;Masculino;Senador;http://www.senado.leg.br/senadores/img/fotos-oficiais/senador5533.jpg;http://www25.senado.leg.br/web/senadores/senador/-/perfil/5533;https://www.senadorlasiermartins.com.br/;sen.lasiermartins@senado.leg.br;33032323;1;Não;PODEMOS;RS;Não;Sim;;;;;;;;;;;;;;;;;;;;;
5533;861;Lasier Martins;Lasier Costa Martins;Masculino;Senador;http://www.senado.leg.br/senadores/img/fotos-oficiais/senador5533.jpg;http://www25.senado.leg.br/web/senadores/senador/-/perfil/5533;https://www.senadorlasiermartins.com.br/;sen.lasiermartins@senado.leg.br;33032329;2;Não;PODEMOS;RS;Não;Sim;;;;;;;;;;;;;;;;;;;;;
;;;;;;;;;;;;;;;;;497;RS;55;2015-02-01;2019-01-31;;;;Titular;;;;;;;;;;;;
;;;;;;;;;;;;;;;;;497;RS;;;;56;2019-02-01;2023-01-31;Titular;;;;;;;;;;;;
;;;;;;;;;;;;;;;;;497;RS;;;;;;;Titular;;;;1º Suplente;5623;Christopher Goulart;;;;;;
;;;;;;;;;;;;;;;;;497;RS;;;;;;;Titular;;;;2º Suplente;5625;Adilson Silva dos Santos;;;;;;
;;;;;;;;;;;;;;;;;497;RS;;;;;;;Titular;;;;;;;2740;2015-02-01;;;;
5979;853;Leila Barros;Leila Gomes de Barros Rêgo;Feminino;Senadora;http://www.senado.leg.br/senadores/img/fotos-oficiais/senador5979.jpg;http://www25.senado.leg.br/web/senadores/senador/-/perfil/5979;https://www.leiladovolei.com.br/;sen.leilabarros@senado.leg.br;33036427;2;Não;CIDADANIA;DF;Não;Não;;;;;;;;;;;;;;;;;;;;;
;;;;;;;;;;;;;;;;;558;DF;56;2019-02-01;2023-01-31;;;;Titular;;;;;;;;;;;;
;;;;;;;;;;;;;;;;;558;DF;;;;57;2023-02-01;2027-01-31;Titular;;;;;;;;;;;;
;;;;;;;;;;;;;;;;;558;DF;;;;;;;Titular;;;;1º Suplente;5977;Leany Lemos;;;;;;
;;;;;;;;;;;;;;;;;558;DF;;;;;;;Titular;;;;2º Suplente;5978;Ivonete Nascimento;;;;;;
;;;;;;;;;;;;;;;;;558;DF;;;;;;;Titular;;;;;;;2918;2019-02-01;;;;
5926;905;Lucas Barreto;Luiz Cantuária Barreto;Masculino;Senador;http://www.senado.leg.br/senadores/img/fotos-oficiais/senador5926.jpg;http://www25.senado.leg.br/web/senadores/senador/-/perfil/5926;;sen.lucasbarreto@senado.leg.br;33034851;1;Não;PSD;AP;Não;Não;;;;;;;;;;;;;;;;;;;;;
;;;;;;;;;;;;;;;;;543;AP;56;2019-02-01;2023-01-31;;;;Titular;;;;;;;;;;;;
;;;;;;;;;;;;;;;;;543;AP;;;;57;2023-02-01;2027-01-31;Titular;;;;;;;;;;;;
;;;;;;;;;;;;;;;;;543;AP;;;;;;;Titular;;;;1º Suplente;5927;Paulo Albuquerque;;;;;;
;;;;;;;;;;;;;;;;;543;AP;;;;;;;Titular;;;;2º Suplente;5928;Patricia Costa;;;;;;
;;;;;;;;;;;;;;;;;543;AP;;;;;;;Titular;;;;;;;2955;2020-04-20;;;;
;;;;;;;;;;;;;;;;;543;AP;;;;;;;Titular;;;;;;;2921;2019-02-01;2019-12-16;LS;Licença saúde;2019-12-17
1186;860;Luis Carlos Heinze;Luis Carlos Heinze;Masculino;Senador;http://www.senado.leg.br/senadores/img/fotos-oficiais/senador1186.jpg;http://www25.senado.leg.br/web/senadores/senador/-/perfil/1186;;sen.luiscarlosheinze@senado.leg.br;33034124;1;Não;PP;RS;Não;Sim;;;;;;;;;;;;;;;;;;;;;
1186;860;Luis Carlos Heinze;Luis Carlos Heinze;Masculino;Senador;http://www.senado.leg.br/senadores/img/fotos-oficiais/senador1186.jpg;http://www25.senado.leg.br/web/senadores/senador/-/perfil/1186;;sen.luiscarlosheinze@senado.leg.br;33034127;2;Não;PP;RS;Não;Sim;;;;;;;;;;;;;;;;;;;;;
1186;860;Luis Carlos Heinze;Luis Carlos Heinze;Masculino;Senador;http://www.senado.leg.br/senadores/img/fotos-oficiais/senador1186.jpg;http://www25.senado.leg.br/web/senadores/senador/-/perfil/1186;;sen.luiscarlosheinze@senado.leg.br;33034129;4;Não;PP;RS;Não;Sim;;;;;;;;;;;;;;;;;;;;;
1186;860;Luis Carlos Heinze;Luis Carlos Heinze;Masculino;Senador;http://www.senado.leg.br/senadores/img/fotos-oficiais/senador1186.jpg;http://www25.senado.leg.br/web/senadores/senador/-/perfil/1186;;sen.luiscarlosheinze@senado.leg.br;33034132;6;Não;PP;RS;Não;Sim;;;;;;;;;;;;;;;;;;;;;
;;;;;;;;;;;;;;;;;574;RS;56;2019-02-01;2023-01-31;;;;Titular;;;;;;;;;;;;
;;;;;;;;;;;;;;;;;574;RS;;;;57;2023-02-01;2027-01-31;Titular;;;;;;;;;;;;
;;;;;;;;;;;;;;;;;574;RS;;;;;;;Titular;;;;1º Suplente;6015;Ireneu Orth;;;;;;
;;;;;;;;;;;;;;;;;574;RS;;;;;;;Titular;;;;2º Suplente;6016;Drica de Lucena;;;;;;
;;;;;;;;;;;;;;;;;574;RS;;;;;;;Titular;;;;;;;2919;2019-02-01;;;;
5585;889;Luiz do Carmo;Luiz Carlos do Carmo;Masculino;Senador;http://www.senado.leg.br/senadores/img/fotos-oficiais/senador5585.jpg;http://www25.senado.leg.br/web/senadores/senador/-/perfil/5585;;sen.luizcarlosdocarmo@senado.leg.br;33036439;1;Não;MDB;GO;Sim;Não;;;;;;;;;;;;;;;;;;;;;
5585;889;Luiz do Carmo;Luiz Carlos do Carmo;Masculino;Senador;http://www.senado.leg.br/senadores/img/fotos-oficiais/senador5585.jpg;http://www25.senado.leg.br/web/senadores/senador/-/perfil/5585;;sen.luizcarlosdocarmo@senado.leg.br;33036440;2;Não;MDB;GO;Sim;Não;;;;;;;;;;;;;;;;;;;;;
5585;889;Luiz do Carmo;Luiz Carlos do Carmo;Masculino;Senador;http://www.senado.leg.br/senadores/img/fotos-oficiais/senador5585.jpg;http://www25.senado.leg.br/web/senadores/senador/-/perfil/5585;;sen.luizcarlosdocarmo@senado.leg.br;33036445;3;Não;MDB;GO;Sim;Não;;;;;;;;;;;;;;;;;;;;;
;;;;;;;;;;;;;;;;;504;GO;55;2015-02-01;2019-01-31;;;;1º Suplente;;;;;;;;;;;;
;;;;;;;;;;;;;;;;;504;GO;;;;56;2019-02-01;2023-01-31;1º Suplente;;;;;;;;;;;;
;;;;;;;;;;;;;;;;;504;GO;;;;;;;1º Suplente;Titular;456;Ronaldo Caiado;;;;;;;;;
;;;;;;;;;;;;;;;;;504;GO;;;;;;;1º Suplente;;;;2º Suplente;5587;Eladio Carneiro;;;;;;
;;;;;;;;;;;;;;;;;504;GO;;;;;;;1º Suplente;;;;;;;2879;2019-01-02;;;;
5557;888;Mailza Gomes;Mailza Assis da Silva;Feminino;Senadora;http://www.senado.leg.br/senadores/img/fotos-oficiais/senador5557.jpg;http://www25.senado.leg.br/web/senadores/senador/-/perfil/5557;;sen.mailzagomes@senado.leg.br;33031357;1;Não;PP;AC;Não;Sim;;;;;;;;;;;;;;;;;;;;;
5557;888;Mailza Gomes;Mailza Assis da Silva;Feminino;Senadora;http://www.senado.leg.br/senadores/img/fotos-oficiais/senador5557.jpg;http://www25.senado.leg.br/web/senadores/senador/-/perfil/5557;;sen.mailzagomes@senado.leg.br;33031367;2;Não;PP;AC;Não;Sim;;;;;;;;;;;;;;;;;;;;;
;;;;;;;;;;;;;;;;;500;AC;55;2015-02-01;2019-01-31;;;;1º Suplente;;;;;;;;;;;;
;;;;;;;;;;;;;;;;;500;AC;;;;56;2019-02-01;2023-01-31;1º Suplente;;;;;;;;;;;;
;;;;;;;;;;;;;;;;;500;AC;;;;;;;1º Suplente;Titular;4558;Gladson Cameli;;;;;;;;;
;;;;;;;;;;;;;;;;;500;AC;;;;;;;1º Suplente;;;;2º Suplente;5559;Bispo José;;;;;;
;;;;;;;;;;;;;;;;;500;AC;;;;;;;1º Suplente;;;;;;;2880;2019-01-03;;;;
5376;847;Mara Gabrilli;Mara Cristina Gabrilli;Feminino;Senadora;http://www.senado.leg.br/senadores/img/fotos-oficiais/senador5376.jpg;http://www25.senado.leg.br/web/senadores/senador/-/perfil/5376;;sen.maragabrilli@senado.leg.br;33032191;1;Não;PSDB;SP;Não;Sim;;;;;;;;;;;;;;;;;;;;;
5376;847;Mara Gabrilli;Mara Cristina Gabrilli;Feminino;Senadora;http://www.senado.leg.br/senadores/img/fotos-oficiais/senador5376.jpg;http://www25.senado.leg.br/web/senadores/senador/-/perfil/5376;;sen.maragabrilli@senado.leg.br;33032775;3;Sim;PSDB;SP;Não;Sim;;;;;;;;;;;;;;;;;;;;;
;;;;;;;;;;;;;;;;;569;SP;56;2019-02-01;2023-01-31;;;;Titular;;;;;;;;;;;;
;;;;;;;;;;;;;;;;;569;SP;;;;57;2023-02-01;2027-01-31;Titular;;;;;;;;;;;;
;;;;;;;;;;;;;;;;;569;SP;;;;;;;Titular;;;;1º Suplente;3651;Alfredo Cotait Neto;;;;;;
;;;;;;;;;;;;;;;;;569;SP;;;;;;;Titular;;;;2º Suplente;6007;Ivani Boscolo;;;;;;
;;;;;;;;;;;;;;;;;569;SP;;;;;;;Titular;;;;;;;2922;2019-02-01;;;;
742;813;Marcelo Castro;Marcelo Costa e Castro;Masculino;Senador;http://www.senado.leg.br/senadores/img/fotos-oficiais/senador742.jpg;http://www25.senado.leg.br/web/senadores/senador/-/perfil/742;;sen.marcelocastro@senado.leg.br;33034078;1;Não;MDB;PI;Não;Sim;;;;;;;;;;;;;;;;;;;;;
742;813;Marcelo Castro;Marcelo Costa e Castro;Masculino;Senador;http://www.senado.leg.br/senadores/img/fotos-oficiais/senador742.jpg;http://www25.senado.leg.br/web/senadores/senador/-/perfil/742;;sen.marcelocastro@senado.leg.br;33036130;1;Não;MDB;PI;Não;Sim;;;;;;;;;;;;;;;;;;;;;
;;;;;;;;;;;;;;;;;539;PI;56;2019-02-01;2023-01-31;;;;Titular;;;;;;;;;;;;
;;;;;;;;;;;;;;;;;539;PI;;;;57;2023-02-01;2027-01-31;Titular;;;;;;;;;;;;
;;;;;;;;;;;;;;;;;539;PI;;;;;;;Titular;;;;1º Suplente;5910;José Hamilton;;;;;;
;;;;;;;;;;;;;;;;;539;PI;;;;;;;Titular;;;;2º Suplente;5911;Rosário Bezerra;;;;;;
;;;;;;;;;;;;;;;;;539;PI;;;;;;;Titular;;;;;;;2923;2019-02-01;;;;
285;849;Marcio Bittar;Márcio Miguel Bittar;Masculino;Senador;http://www.senado.leg.br/senadores/img/fotos-oficiais/senador285.jpg;http://www25.senado.leg.br/web/senadores/senador/-/perfil/285;;sen.marciobittar@senado.leg.br;33032115;1;Não;PSL;AC;Não;Não;;;;;;;;;;;;;;;;;;;;;
285;849;Marcio Bittar;Márcio Miguel Bittar;Masculino;Senador;http://www.senado.leg.br/senadores/img/fotos-oficiais/senador285.jpg;http://www25.senado.leg.br/web/senadores/senador/-/perfil/285;;sen.marciobittar@senado.leg.br;33032119;2;Não;PSL;AC;Não;Não;;;;;;;;;;;;;;;;;;;;;
285;849;Marcio Bittar;Márcio Miguel Bittar;Masculino;Senador;http://www.senado.leg.br/senadores/img/fotos-oficiais/senador285.jpg;http://www25.senado.leg.br/web/senadores/senador/-/perfil/285;;sen.marciobittar@senado.leg.br;33031652;3;Não;PSL;AC;Não;Não;;;;;;;;;;;;;;;;;;;;;
;;;;;;;;;;;;;;;;;536;AC;56;2019-02-01;2023-01-31;;;;Titular;;;;;;;;;;;;
;;;;;;;;;;;;;;;;;536;AC;;;;57;2023-02-01;2027-01-31;Titular;;;;;;;;;;;;
;;;;;;;;;;;;;;;;;536;AC;;;;;;;Titular;;;;1º Suplente;5902;Eduardo Velloso;;;;;;
;;;;;;;;;;;;;;;;;536;AC;;;;;;;Titular;;;;2º Suplente;5904;Macapá;;;;;;
;;;;;;;;;;;;;;;;;536;AC;;;;;;;Titular;;;;;;;2924;2019-02-01;;;;
5422;868;Marcos Rogério;Marcos Rogério da Silva Brito;Masculino;Senador;http://www.senado.leg.br/senadores/img/fotos-oficiais/senador5422.jpg;http://www25.senado.leg.br/web/senadores/senador/-/perfil/5422;;sen.marcosrogerio@senado.leg.br;33036148;1;Não;PL;RO;Não;Não;;;;;;;;;;;;;;;;;;;;;
;;;;;;;;;;;;;;;;;576;RO;56;2019-02-01;2023-01-31;;;;Titular;;;;;;;;;;;;
;;;;;;;;;;;;;;;;;576;RO;;;;57;2023-02-01;2027-01-31;Titular;;;;;;;;;;;;
;;;;;;;;;;;;;;;;;576;RO;;;;;;;Titular;;;;1º Suplente;6021;Samuel Araujo;;;;;;
;;;;;;;;;;;;;;;;;576;RO;;;;;;;Titular;;;;2º Suplente;6022;Pastor Severino;;;;;;
;;;;;;;;;;;;;;;;;576;RO;;;;;;;Titular;;;;;;;2926;2019-02-01;;;;
5942;862;Marcos do Val;Marcos Ribeiro do Val;Masculino;Senador;http://www.senado.leg.br/senadores/img/fotos-oficiais/senador5942.jpg;http://www25.senado.leg.br/web/senadores/senador/-/perfil/5942;;sen.marcosdoval@senado.leg.br;33036747;1;Não;PODEMOS;ES;Não;Não;;;;;;;;;;;;;;;;;;;;;
5942;862;Marcos do Val;Marcos Ribeiro do Val;Masculino;Senador;http://www.senado.leg.br/senadores/img/fotos-oficiais/senador5942.jpg;http://www25.senado.leg.br/web/senadores/senador/-/perfil/5942;;sen.marcosdoval@senado.leg.br;33036753;3;Não;PODEMOS;ES;Não;Não;;;;;;;;;;;;;;;;;;;;;
;;;;;;;;;;;;;;;;;547;ES;56;2019-02-01;2023-01-31;;;;Titular;;;;;;;;;;;;
;;;;;;;;;;;;;;;;;547;ES;;;;57;2023-02-01;2027-01-31;Titular;;;;;;;;;;;;
;;;;;;;;;;;;;;;;;547;ES;;;;;;;Titular;;;;1º Suplente;5944;Rosana Foerst;;;;;;
;;;;;;;;;;;;;;;;;547;ES;;;;;;;Titular;;;;2º Suplente;5945;Ronaldo Libardi;;;;;;
;;;;;;;;;;;;;;;;;547;ES;;;;;;;Titular;;;;;;;2925;2019-02-01;;;;
1023;828;Maria do Carmo Alves;Maria do Carmo do Nascimento Alves;Feminino;Senadora;http://www.senado.leg.br/senadores/img/fotos-oficiais/senador1023.jpg;http://www25.senado.leg.br/web/senadores/senador/-/perfil/1023;;sen.mariadocarmoalves@senado.leg.br;33031306;1;Não;DEM;SE;Não;Não;;;;;;;;;;;;;;;;;;;;;
1023;828;Maria do Carmo Alves;Maria do Carmo do Nascimento Alves;Feminino;Senadora;http://www.senado.leg.br/senadores/img/fotos-oficiais/senador1023.jpg;http://www25.senado.leg.br/web/senadores/senador/-/perfil/1023;;sen.mariadocarmoalves@senado.leg.br;33034055;2;Não;DEM;SE;Não;Não;;;;;;;;;;;;;;;;;;;;;
1023;828;Maria do Carmo Alves;Maria do Carmo do Nascimento Alves;Feminino;Senadora;http://www.senado.leg.br/senadores/img/fotos-oficiais/senador1023.jpg;http://www25.senado.leg.br/web/senadores/senador/-/perfil/1023;;sen.mariadocarmoalves@senado.leg.br;33032878;3;Não;DEM;SE;Não;Não;;;;;;;;;;;;;;;;;;;;;
;;;;;;;;;;;;;;;;;517;SE;55;2015-02-01;2019-01-31;;;;Titular;;;;;;;;;;;;
;;;;;;;;;;;;;;;;;517;SE;;;;56;2019-02-01;2023-01-31;Titular;;;;;;;;;;;;
;;;;;;;;;;;;;;;;;517;SE;;;;;;;Titular;;;;1º Suplente;5635;Ricardo Franco;;;;;;
;;;;;;;;;;;;;;;;;517;SE;;;;;;;Titular;;;;2º Suplente;4786;Virginio de Carvalho;;;;;;
;;;;;;;;;;;;;;;;;517;SE;;;;;;;Titular;;;;;;;2969;2021-08-05;;;;
;;;;;;;;;;;;;;;;;517;SE;;;;;;;Titular;;;;;;;2807;2017-01-01;2021-07-16;LSP;Licença Saúde-Particular;
;;;;;;;;;;;;;;;;;517;SE;;;;;;;Titular;;;;;;;2795;2016-08-22;2016-09-30;AFO;Afastamento do exercício;
;;;;;;;;;;;;;;;;;517;SE;;;;;;;Titular;;;;;;;2780;2016-05-10;2016-05-13;AFO;Afastamento do exercício;2016-05-10
;;;;;;;;;;;;;;;;;517;SE;;;;;;;Titular;;;;;;;2758;2015-02-01;2015-11-10;AFO;Afastamento do exercício;
6027;881;Mecias de Jesus;Antônio Mecias Pereira de Jesus;Masculino;Senador;http://www.senado.leg.br/senadores/img/fotos-oficiais/senador6027.jpg;http://www25.senado.leg.br/web/senadores/senador/-/perfil/6027;;sen.meciasdejesus@senado.leg.br;33035291;1;Não;REPUBLICANOS;RR;Não;Sim;;;;;;;;;;;;;;;;;;;;;
6027;881;Mecias de Jesus;Antônio Mecias Pereira de Jesus;Masculino;Senador;http://www.senado.leg.br/senadores/img/fotos-oficiais/senador6027.jpg;http://www25.senado.leg.br/web/senadores/senador/-/perfil/6027;;sen.meciasdejesus@senado.leg.br;33035292;2;Não;REPUBLICANOS;RR;Não;Sim;;;;;;;;;;;;;;;;;;;;;
;;;;;;;;;;;;;;;;;578;RR;56;2019-02-01;2023-01-31;;;;Titular;;;;;;;;;;;;
;;;;;;;;;;;;;;;;;578;RR;;;;57;2023-02-01;2027-01-31;Titular;;;;;;;;;;;;
;;;;;;;;;;;;;;;;;578;RR;;;;;;;Titular;;;;1º Suplente;6025;Enfermeira Roberta;;;;;;
;;;;;;;;;;;;;;;;;578;RR;;;;;;;Titular;;;;2º Suplente;6026;Afonso Parente;;;;;;
;;;;;;;;;;;;;;;;;578;RR;;;;;;;Titular;;;;;;;2890;2019-02-01;;;;
5985;858;Nelsinho Trad;Nelson Trad Filho;Masculino;Senador;http://www.senado.leg.br/senadores/img/fotos-oficiais/senador5985.jpg;http://www25.senado.leg.br/web/senadores/senador/-/perfil/5985;https://www.nelsinhotrad.com.br/;sen.nelsinhotrad@senado.leg.br;33036767;1;Não;PSD;MS;Não;Sim;;;;;;;;;;;;;;;;;;;;;
5985;858;Nelsinho Trad;Nelson Trad Filho;Masculino;Senador;http://www.senado.leg.br/senadores/img/fotos-oficiais/senador5985.jpg;http://www25.senado.leg.br/web/senadores/senador/-/perfil/5985;https://www.nelsinhotrad.com.br/;sen.nelsinhotrad@senado.leg.br;33036768;2;Não;PSD;MS;Não;Sim;;;;;;;;;;;;;;;;;;;;;
;;;;;;;;;;;;;;;;;560;MS;56;2019-02-01;2023-01-31;;;;Titular;;;;;;;;;;;;
;;;;;;;;;;;;;;;;;560;MS;;;;57;2023-02-01;2027-01-31;Titular;;;;;;;;;;;;
;;;;;;;;;;;;;;;;;560;MS;;;;;;;Titular;;;;1º Suplente;5983;José Chagas;;;;;;
;;;;;;;;;;;;;;;;;560;MS;;;;;;;Titular;;;;2º Suplente;5984;Professora Bazé;;;;;;
;;;;;;;;;;;;;;;;;560;MS;;;;;;;Titular;;;;;;;2927;2019-02-01;;;;
5281;934;Nilda Gondim;Ozanilda Gondim Vital do Rego;Feminino;Senadora;http://www.senado.leg.br/senadores/img/fotos-oficiais/senador5281.jpg;http://www25.senado.leg.br/web/senadores/senador/-/perfil/5281;;sen.nildagondim@senado.leg.br;33036490;1;Não;MDB;PB;Não;Sim;;;;;;;;;;;;;;;;;;;;;
5281;934;Nilda Gondim;Ozanilda Gondim Vital do Rego;Feminino;Senadora;http://www.senado.leg.br/senadores/img/fotos-oficiais/senador5281.jpg;http://www25.senado.leg.br/web/senadores/senador/-/perfil/5281;;sen.nildagondim@senado.leg.br;33036485;2;Não;MDB;PB;Não;Sim;;;;;;;;;;;;;;;;;;;;;
5281;934;Nilda Gondim;Ozanilda Gondim Vital do Rego;Feminino;Senadora;http://www.senado.leg.br/senadores/img/fotos-oficiais/senador5281.jpg;http://www25.senado.leg.br/web/senadores/senador/-/perfil/5281;;sen.nildagondim@senado.leg.br;33036493;3;Sim;MDB;PB;Não;Sim;;;;;;;;;;;;;;;;;;;;;
;;;;;;;;;;;;;;;;;513;PB;55;2015-02-01;2019-01-31;;;;1º Suplente;;;;;;;;;;;;
;;;;;;;;;;;;;;;;;513;PB;;;;56;2019-02-01;2023-01-31;1º Suplente;;;;;;;;;;;;
;;;;;;;;;;;;;;;;;513;PB;;;;;;;1º Suplente;Titular;3361;José Maranhão;;;;;;;;;
;;;;;;;;;;;;;;;;;513;PB;;;;;;;1º Suplente;;;;2º Suplente;5601;Roosevelt Vita;;;;;;
;;;;;;;;;;;;;;;;;513;PB;;;;;;;1º Suplente;;;;;;;2962;2021-01-12;;;;
5525;803;Omar Aziz;Omar José Abdel Aziz;Masculino;Senador;http://www.senado.leg.br/senadores/img/fotos-oficiais/senador5525.jpg;http://www25.senado.leg.br/web/senadores/senador/-/perfil/5525;;sen.omaraziz@senado.leg.br;33036579;1;Não;PSD;AM;Não;Sim;;;;;;;;;;;;;;;;;;;;;
5525;803;Omar Aziz;Omar José Abdel Aziz;Masculino;Senador;http://www.senado.leg.br/senadores/img/fotos-oficiais/senador5525.jpg;http://www25.senado.leg.br/web/senadores/senador/-/perfil/5525;;sen.omaraziz@senado.leg.br;33036524;2;Não;PSD;AM;Não;Sim;;;;;;;;;;;;;;;;;;;;;
;;;;;;;;;;;;;;;;;493;AM;55;2015-02-01;2019-01-31;;;;Titular;;;;;;;;;;;;
;;;;;;;;;;;;;;;;;493;AM;;;;56;2019-02-01;2023-01-31;Titular;;;;;;;;;;;;
;;;;;;;;;;;;;;;;;493;AM;;;;;;;Titular;;;;1º Suplente;5565;Dr. Helder Cavalcante;;;;;;
;;;;;;;;;;;;;;;;;493;AM;;;;;;;Titular;;;;2º Suplente;5567;Luis Mitoso;;;;;;
;;;;;;;;;;;;;;;;;493;AM;;;;;;;Titular;;;;;;;2741;2015-02-01;;;;
5924;857;Oriovisto Guimarães;Oriovisto Guimaraes;Masculino;Senador;http://www.senado.leg.br/senadores/img/fotos-oficiais/senador5924.jpg;http://www25.senado.leg.br/web/senadores/senador/-/perfil/5924;http://www.oriovistoguimaraes.com.br/;sen.oriovistoguimaraes@senado.leg.br;33031635;1;Não;PODEMOS;PR;Não;Sim;;;;;;;;;;;;;;;;;;;;;
;;;;;;;;;;;;;;;;;541;PR;56;2019-02-01;2023-01-31;;;;Titular;;;;;;;;;;;;
;;;;;;;;;;;;;;;;;541;PR;;;;57;2023-02-01;2027-01-31;Titular;;;;;;;;;;;;
;;;;;;;;;;;;;;;;;541;PR;;;;;;;Titular;;;;1º Suplente;5921;Paulo Salamuni;;;;;;
;;;;;;;;;;;;;;;;;541;PR;;;;;;;Titular;;;;2º Suplente;5922;Plinio Destro;;;;;;
;;;;;;;;;;;;;;;;;541;PR;;;;;;;Titular;;;;;;;2928;2019-02-01;;;;
5523;831;Otto Alencar;Otto Roberto Mendonça de Alencar;Masculino;Senador;http://www.senado.leg.br/senadores/img/fotos-oficiais/senador5523.jpg;http://www25.senado.leg.br/web/senadores/senador/-/perfil/5523;;sen.ottoalencar@senado.leg.br;33031464;1;Não;PSD;BA;Não;Não;;;;;;;;;;;;;;;;;;;;;
5523;831;Otto Alencar;Otto Roberto Mendonça de Alencar;Masculino;Senador;http://www.senado.leg.br/senadores/img/fotos-oficiais/senador5523.jpg;http://www25.senado.leg.br/web/senadores/senador/-/perfil/5523;;sen.ottoalencar@senado.leg.br;33031467;2;Não;PSD;BA;Não;Não;;;;;;;;;;;;;;;;;;;;;
5523;831;Otto Alencar;Otto Roberto Mendonça de Alencar;Masculino;Senador;http://www.senado.leg.br/senadores/img/fotos-oficiais/senador5523.jpg;http://www25.senado.leg.br/web/senadores/senador/-/perfil/5523;;sen.ottoalencar@senado.leg.br;33032862;3;Sim;PSD;BA;Não;Não;;;;;;;;;;;;;;;;;;;;;
;;;;;;;;;;;;;;;;;492;BA;55;2015-02-01;2019-01-31;;;;Titular;;;;;;;;;;;;
;;;;;;;;;;;;;;;;;492;BA;;;;56;2019-02-01;2023-01-31;Titular;;;;;;;;;;;;
;;;;;;;;;;;;;;;;;492;BA;;;;;;;Titular;;;;1º Suplente;5573;Abel Rebouças;;;;;;
;;;;;;;;;;;;;;;;;492;BA;;;;;;;Titular;;;;2º Suplente;5575;Marizete;;;;;;
;;;;;;;;;;;;;;;;;492;BA;;;;;;;Titular;;;;;;;2742;2015-02-01;;;;
825;859;Paulo Paim;Paulo Renato Paim;Masculino;Senador;http://www.senado.leg.br/senadores/img/fotos-oficiais/senador825.jpg;http://www25.senado.leg.br/web/senadores/senador/-/perfil/825;http://www.senadorpaim.com.br/;sen.paulopaim@senado.leg.br;33035232;1;Não;PT;RS;Não;Não;;;;;;;;;;;;;;;;;;;;;
825;859;Paulo Paim;Paulo Renato Paim;Masculino;Senador;http://www.senado.leg.br/senadores/img/fotos-oficiais/senador825.jpg;http://www25.senado.leg.br/web/senadores/senador/-/perfil/825;http://www.senadorpaim.com.br/;sen.paulopaim@senado.leg.br;33035231;2;Não;PT;RS;Não;Não;;;;;;;;;;;;;;;;;;;;;
825;859;Paulo Paim;Paulo Renato Paim;Masculino;Senador;http://www.senado.leg.br/senadores/img/fotos-oficiais/senador825.jpg;http://www25.senado.leg.br/web/senadores/senador/-/perfil/825;http://www.senadorpaim.com.br/;sen.paulopaim@senado.leg.br;33035230;3;Não;PT;RS;Não;Não;;;;;;;;;;;;;;;;;;;;;
825;859;Paulo Paim;Paulo Renato Paim;Masculino;Senador;http://www.senado.leg.br/senadores/img/fotos-oficiais/senador825.jpg;http://www25.senado.leg.br/web/senadores/senador/-/perfil/825;http://www.senadorpaim.com.br/;sen.paulopaim@senado.leg.br;33035235;4;Sim;PT;RS;Não;Não;;;;;;;;;;;;;;;;;;;;;
;;;;;;;;;;;;;;;;;523;RS;56;2019-02-01;2023-01-31;;;;Titular;;;;;;;;;;;;
;;;;;;;;;;;;;;;;;523;RS;;;;57;2023-02-01;2027-01-31;Titular;;;;;;;;;;;;
;;;;;;;;;;;;;;;;;523;RS;;;;;;;Titular;;;;1º Suplente;6017;Cleonice Back;;;;;;
;;;;;;;;;;;;;;;;;523;RS;;;;;;;Titular;;;;2º Suplente;6018;Reginete Bispo;;;;;;
;;;;;;;;;;;;;;;;;523;RS;;;;;;;Titular;;;;;;;2929;2019-02-01;;;;
374;809;Paulo Rocha;Paulo Roberto Galvão da Rocha;Masculino;Senador;http://www.senado.leg.br/senadores/img/fotos-oficiais/senador374.jpg;http://www25.senado.leg.br/web/senadores/senador/-/perfil/374;http://senadorpaulorocha.com.br/;sen.paulorocha@senado.leg.br;33033800;1;Não;PT;PA;Não;Sim;;;;;;;;;;;;;;;;;;;;;
;;;;;;;;;;;;;;;;;507;PA;55;2015-02-01;2019-01-31;;;;Titular;;;;;;;;;;;;
;;;;;;;;;;;;;;;;;507;PA;;;;56;2019-02-01;2023-01-31;Titular;;;;;;;;;;;;
;;;;;;;;;;;;;;;;;507;PA;;;;;;;Titular;;;;1º Suplente;375;Valdir Ganzer;;;;;;
;;;;;;;;;;;;;;;;;507;PA;;;;;;;Titular;;;;2º Suplente;5599;Pastor Ibanes Taveira;;;;;;
;;;;;;;;;;;;;;;;;507;PA;;;;;;;Titular;;;;;;;2743;2015-02-01;;;;
5502;801;Plínio Valério;Francisco Plínio Valério Tomaz;Masculino;Senador;http://www.senado.leg.br/senadores/img/fotos-oficiais/senador5502.jpg;http://www25.senado.leg.br/web/senadores/senador/-/perfil/5502;;sen.pliniovalerio@senado.leg.br;33032833;1;Não;PSDB;AM;Não;Não;;;;;;;;;;;;;;;;;;;;;
5502;801;Plínio Valério;Francisco Plínio Valério Tomaz;Masculino;Senador;http://www.senado.leg.br/senadores/img/fotos-oficiais/senador5502.jpg;http://www25.senado.leg.br/web/senadores/senador/-/perfil/5502;;sen.pliniovalerio@senado.leg.br;33032835;2;Não;PSDB;AM;Não;Não;;;;;;;;;;;;;;;;;;;;;
5502;801;Plínio Valério;Francisco Plínio Valério Tomaz;Masculino;Senador;http://www.senado.leg.br/senadores/img/fotos-oficiais/senador5502.jpg;http://www25.senado.leg.br/web/senadores/senador/-/perfil/5502;;sen.pliniovalerio@senado.leg.br;33032837;3;Não;PSDB;AM;Não;Não;;;;;;;;;;;;;;;;;;;;;
;;;;;;;;;;;;;;;;;573;AM;56;2019-02-01;2023-01-31;;;;Titular;;;;;;;;;;;;
;;;;;;;;;;;;;;;;;573;AM;;;;57;2023-02-01;2027-01-31;Titular;;;;;;;;;;;;
;;;;;;;;;;;;;;;;;573;AM;;;;;;;Titular;;;;1º Suplente;6013;Carlos Alberto;;;;;;
;;;;;;;;;;;;;;;;;573;AM;;;;;;;Titular;;;;2º Suplente;5931;Jacira Souza;;;;;;
;;;;;;;;;;;;;;;;;573;AM;;;;;;;Titular;;;;;;;2906;2019-02-01;;;;
5012;827;Randolfe Rodrigues;Randolph Frederich Rodrigues Alves;Masculino;Senador;http://www.senado.leg.br/senadores/img/fotos-oficiais/senador5012.jpg;http://www25.senado.leg.br/web/senadores/senador/-/perfil/5012;https://www.facebook.com/randolferodrigues;sen.randolferodrigues@senado.leg.br;33036777;1;Não;REDE;AP;Não;Sim;;;;;;;;;;;;;;;;;;;;;
5012;827;Randolfe Rodrigues;Randolph Frederich Rodrigues Alves;Masculino;Senador;http://www.senado.leg.br/senadores/img/fotos-oficiais/senador5012.jpg;http://www25.senado.leg.br/web/senadores/senador/-/perfil/5012;https://www.facebook.com/randolferodrigues;sen.randolferodrigues@senado.leg.br;33036568;2;Não;REDE;AP;Não;Sim;;;;;;;;;;;;;;;;;;;;;
;;;;;;;;;;;;;;;;;522;AP;56;2019-02-01;2023-01-31;;;;Titular;;;;;;;;;;;;
;;;;;;;;;;;;;;;;;522;AP;;;;57;2023-02-01;2027-01-31;Titular;;;;;;;;;;;;
;;;;;;;;;;;;;;;;;522;AP;;;;;;;Titular;;;;1º Suplente;5923;Alberto David;;;;;;
;;;;;;;;;;;;;;;;;522;AP;;;;;;;Titular;;;;2º Suplente;5925;Pastor Gaia;;;;;;
;;;;;;;;;;;;;;;;;522;AP;;;;;;;Titular;;;;;;;2930;2019-02-01;;;;
5236;852;Reguffe;José Antônio Machado Reguffe;Masculino;Senador;http://www.senado.leg.br/senadores/img/fotos-oficiais/senador5236.jpg;http://www25.senado.leg.br/web/senadores/senador/-/perfil/5236;;sen.reguffe@senado.leg.br;33036355;1;Não;PODEMOS;DF;Não;Não;;;;;;;;;;;;;;;;;;;;;
;;;;;;;;;;;;;;;;;502;DF;55;2015-02-01;2019-01-31;;;;Titular;;;;;;;;;;;;
;;;;;;;;;;;;;;;;;502;DF;;;;56;2019-02-01;2023-01-31;Titular;;;;;;;;;;;;
;;;;;;;;;;;;;;;;;502;DF;;;;;;;Titular;;;;1º Suplente;5579;José Carlos Vasconcellos;;;;;;
;;;;;;;;;;;;;;;;;502;DF;;;;;;;Titular;;;;2º Suplente;5581;Fadi Faraj;;;;;;
;;;;;;;;;;;;;;;;;502;DF;;;;;;;Titular;;;;;;;2744;2015-02-01;;;;
70;875;Renan Calheiros;José Renan Vasconcelos Calheiros;Masculino;Senador;http://www.senado.leg.br/senadores/img/fotos-oficiais/senador70.jpg;http://www25.senado.leg.br/web/senadores/senador/-/perfil/70;https://www.renancalheiros.com.br/;sen.renancalheiros@senado.leg.br;33032261;1;Não;MDB;AL;Não;Sim;;;;;;;;;;;;;;;;;;;;;
;;;;;;;;;;;;;;;;;527;AL;56;2019-02-01;2023-01-31;;;;Titular;;;;;;;;;;;;
;;;;;;;;;;;;;;;;;527;AL;;;;57;2023-02-01;2027-01-31;Titular;;;;;;;;;;;;
;;;;;;;;;;;;;;;;;527;AL;;;;;;;Titular;;;;1º Suplente;5913;Rafael Tenorio;;;;;;
;;;;;;;;;;;;;;;;;527;AL;;;;;;;Titular;;;;2º Suplente;5916;Silvania Barbosa;;;;;;
;;;;;;;;;;;;;;;;;527;AL;;;;;;;Titular;;;;;;;2917;2019-02-01;;;;
677;807;Roberto Rocha;Roberto Coelho Rocha;Masculino;Senador;http://www.senado.leg.br/senadores/img/fotos-oficiais/senador677.jpg;http://www25.senado.leg.br/web/senadores/senador/-/perfil/677;;sen.robertorocha@senado.leg.br;33031437;1;Não;PSDB;MA;Não;Não;;;;;;;;;;;;;;;;;;;;;
677;807;Roberto Rocha;Roberto Coelho Rocha;Masculino;Senador;http://www.senado.leg.br/senadores/img/fotos-oficiais/senador677.jpg;http://www25.senado.leg.br/web/senadores/senador/-/perfil/677;;sen.robertorocha@senado.leg.br;33031506;2;Não;PSDB;MA;Não;Não;;;;;;;;;;;;;;;;;;;;;
677;807;Roberto Rocha;Roberto Coelho Rocha;Masculino;Senador;http://www.senado.leg.br/senadores/img/fotos-oficiais/senador677.jpg;http://www25.senado.leg.br/web/senadores/senador/-/perfil/677;;sen.robertorocha@senado.leg.br;33031438;3;Sim;PSDB;MA;Não;Não;;;;;;;;;;;;;;;;;;;;;
;;;;;;;;;;;;;;;;;505;MA;55;2015-02-01;2019-01-31;;;;Titular;;;;;;;;;;;;
;;;;;;;;;;;;;;;;;505;MA;;;;56;2019-02-01;2023-01-31;Titular;;;;;;;;;;;;
;;;;;;;;;;;;;;;;;505;MA;;;;;;;Titular;;;;1º Suplente;4606;Pinto Itamaraty;;;;;;
;;;;;;;;;;;;;;;;;505;MA;;;;;;;Titular;;;;2º Suplente;5589;Paulo Matos;;;;;;
;;;;;;;;;;;;;;;;;505;MA;;;;;;;Titular;;;;;;;2812;2017-01-27;;;;
;;;;;;;;;;;;;;;;;505;MA;;;;;;;Titular;;;;;;;2745;2015-02-01;2016-09-25;LP;Licença Particular;2016-10-04
5905;874;Rodrigo Cunha;Rodrigo Santos Cunha;Masculino;Senador;http://www.senado.leg.br/senadores/img/fotos-oficiais/senador5905.jpg;http://www25.senado.leg.br/web/senadores/senador/-/perfil/5905;;sen.rodrigocunha@senado.leg.br;33036083;1;Não;PSDB;AL;Não;Sim;;;;;;;;;;;;;;;;;;;;;
;;;;;;;;;;;;;;;;;537;AL;56;2019-02-01;2023-01-31;;;;Titular;;;;;;;;;;;;
;;;;;;;;;;;;;;;;;537;AL;;;;57;2023-02-01;2027-01-31;Titular;;;;;;;;;;;;
;;;;;;;;;;;;;;;;;537;AL;;;;;;;Titular;;;;1º Suplente;5906;Eudócia Caldas;;;;;;
;;;;;;;;;;;;;;;;;537;AL;;;;;;;Titular;;;;2º Suplente;5907;Henrique Arruda;;;;;;
;;;;;;;;;;;;;;;;;537;AL;;;;;;;Titular;;;;;;;2932;2019-02-01;;;;
5732;844;Rodrigo Pacheco;Rodrigo Otavio Soares Pacheco;Masculino;Senador;http://www.senado.leg.br/senadores/img/fotos-oficiais/senador5732.jpg;http://www25.senado.leg.br/web/senadores/senador/-/perfil/5732;;sen.rodrigopacheco@senado.leg.br;33032794;1;Não;PSD;MG;Sim;Não;;;;;;;;;;;;;;;;;;;;;
5732;844;Rodrigo Pacheco;Rodrigo Otavio Soares Pacheco;Masculino;Senador;http://www.senado.leg.br/senadores/img/fotos-oficiais/senador5732.jpg;http://www25.senado.leg.br/web/senadores/senador/-/perfil/5732;;sen.rodrigopacheco@senado.leg.br;33032795;2;Não;PSD;MG;Sim;Não;;;;;;;;;;;;;;;;;;;;;
;;;;;;;;;;;;;;;;;562;MG;56;2019-02-01;2023-01-31;;;;Titular;;;;;;;;;;;;
;;;;;;;;;;;;;;;;;562;MG;;;;57;2023-02-01;2027-01-31;Titular;;;;;;;;;;;;
;;;;;;;;;;;;;;;;;562;MG;;;;;;;Titular;;;;1º Suplente;5257;Renzo Braz;;;;;;
;;;;;;;;;;;;;;;;;562;MG;;;;;;;Titular;;;;2º Suplente;5989;Ana Maria;;;;;;
;;;;;;;;;;;;;;;;;562;MG;;;;;;;Titular;;;;;;;2931;2019-02-01;;;;
5352;830;Rogério Carvalho;Rogério Carvalho Santos;Masculino;Senador;http://www.senado.leg.br/senadores/img/fotos-oficiais/senador5352.jpg;http://www25.senado.leg.br/web/senadores/senador/-/perfil/5352;;sen.rogeriocarvalho@senado.leg.br;33032201;1;Não;PT;SE;Sim;Sim;;;;;;;;;;;;;;;;;;;;;
5352;830;Rogério Carvalho;Rogério Carvalho Santos;Masculino;Senador;http://www.senado.leg.br/senadores/img/fotos-oficiais/senador5352.jpg;http://www25.senado.leg.br/web/senadores/senador/-/perfil/5352;;sen.rogeriocarvalho@senado.leg.br;33032203;3;Não;PT;SE;Sim;Sim;;;;;;;;;;;;;;;;;;;;;
;;;;;;;;;;;;;;;;;579;SE;56;2019-02-01;2023-01-31;;;;Titular;;;;;;;;;;;;
;;;;;;;;;;;;;;;;;579;SE;;;;57;2023-02-01;2027-01-31;Titular;;;;;;;;;;;;
;;;;;;;;;;;;;;;;;579;SE;;;;;;;Titular;;;;1º Suplente;5993;Jorge Mitidieri;;;;;;
;;;;;;;;;;;;;;;;;579;SE;;;;;;;Titular;;;;2º Suplente;5994;Maria da Taiçoca;;;;;;
;;;;;;;;;;;;;;;;;579;SE;;;;;;;Titular;;;;;;;2933;2019-02-01;;;;
5322;840;Romário;Romario de Souza Faria;Masculino;Senador;http://www.senado.leg.br/senadores/img/fotos-oficiais/senador5322.jpg;http://www25.senado.leg.br/web/senadores/senador/-/perfil/5322;http://romario.org/;sen.romario@senado.leg.br;33036519;1;Não;PL;RJ;Sim;Não;;;;;;;;;;;;;;;;;;;;;
5322;840;Romário;Romario de Souza Faria;Masculino;Senador;http://www.senado.leg.br/senadores/img/fotos-oficiais/senador5322.jpg;http://www25.senado.leg.br/web/senadores/senador/-/perfil/5322;http://romario.org/;sen.romario@senado.leg.br;33036517;2;Não;PL;RJ;Sim;Não;;;;;;;;;;;;;;;;;;;;;
5322;840;Romário;Romario de Souza Faria;Masculino;Senador;http://www.senado.leg.br/senadores/img/fotos-oficiais/senador5322.jpg;http://www25.senado.leg.br/web/senadores/senador/-/perfil/5322;http://romario.org/;sen.romario@senado.leg.br;33036520;3;Sim;PL;RJ;Sim;Não;;;;;;;;;;;;;;;;;;;;;
;;;;;;;;;;;;;;;;;509;RJ;55;2015-02-01;2019-01-31;;;;Titular;;;;;;;;;;;;
;;;;;;;;;;;;;;;;;509;RJ;;;;56;2019-02-01;2023-01-31;Titular;;;;;;;;;;;;
;;;;;;;;;;;;;;;;;509;RJ;;;;;;;Titular;;;;1º Suplente;5613;João Batista Lemos;;;;;;
;;;;;;;;;;;;;;;;;509;RJ;;;;;;;Titular;;;;2º Suplente;791;Vivaldo Barbosa;;;;;;
;;;;;;;;;;;;;;;;;509;RJ;;;;;;;Titular;;;;;;;2746;2015-02-01;;;;
2331;901;Rose de Freitas;Rosilda de Freitas;Feminino;Senadora;http://www.senado.leg.br/senadores/img/fotos-oficiais/senador2331.jpg;http://www25.senado.leg.br/web/senadores/senador/-/perfil/2331;https://www.senadorarosedefreitas.com.br/;sen.rosedefreitas@senado.leg.br;33031156;1;Não;MDB;ES;Não;Não;;;;;;;;;;;;;;;;;;;;;
2331;901;Rose de Freitas;Rosilda de Freitas;Feminino;Senadora;http://www.senado.leg.br/senadores/img/fotos-oficiais/senador2331.jpg;http://www25.senado.leg.br/web/senadores/senador/-/perfil/2331;https://www.senadorarosedefreitas.com.br/;sen.rosedefreitas@senado.leg.br;33031129;2;Não;MDB;ES;Não;Não;;;;;;;;;;;;;;;;;;;;;
;;;;;;;;;;;;;;;;;503;ES;55;2015-02-01;2019-01-31;;;;Titular;;;;;;;;;;;;
;;;;;;;;;;;;;;;;;503;ES;;;;56;2019-02-01;2023-01-31;Titular;;;;;;;;;;;;
;;;;;;;;;;;;;;;;;503;ES;;;;;;;Titular;;;;1º Suplente;151;Luiz Pastore;;;;;;
;;;;;;;;;;;;;;;;;503;ES;;;;;;;Titular;;;;2º Suplente;5583;Schariff Moyses;;;;;;
;;;;;;;;;;;;;;;;;503;ES;;;;;;;Titular;;;;;;;2952;2020-03-26;;;;
;;;;;;;;;;;;;;;;;503;ES;;;;;;;Titular;;;;;;;2749;2015-02-01;2019-11-19;LS;Licença saúde;
5527;939;Simone Tebet;Simone Nassar Tebet;Feminino;Senadora;http://www.senado.leg.br/senadores/img/fotos-oficiais/senador5527.jpg;http://www25.senado.leg.br/web/senadores/senador/-/perfil/5527;https://simonetebet.com.br/;sen.simonetebet@senado.leg.br;33031128;1;Não;MDB;MS;Não;Não;;;;;;;;;;;;;;;;;;;;;
5527;939;Simone Tebet;Simone Nassar Tebet;Feminino;Senadora;http://www.senado.leg.br/senadores/img/fotos-oficiais/senador5527.jpg;http://www25.senado.leg.br/web/senadores/senador/-/perfil/5527;https://simonetebet.com.br/;sen.simonetebet@senado.leg.br;33031920;2;Sim;MDB;MS;Não;Não;;;;;;;;;;;;;;;;;;;;;
;;;;;;;;;;;;;;;;;494;MS;55;2015-02-01;2019-01-31;;;;Titular;;;;;;;;;;;;
;;;;;;;;;;;;;;;;;494;MS;;;;56;2019-02-01;2023-01-31;Titular;;;;;;;;;;;;
;;;;;;;;;;;;;;;;;494;MS;;;;;;;Titular;;;;1º Suplente;5593;Celso Dal Lago Rodrigues;;;;;;
;;;;;;;;;;;;;;;;;494;MS;;;;;;;Titular;;;;2º Suplente;5595;Moacir Kohl;;;;;;
;;;;;;;;;;;;;;;;;494;MS;;;;;;;Titular;;;;;;;2750;2015-02-01;;;;
5988;854;Soraya Thronicke;Soraya Vieira Thronicke;Feminino;Senadora;http://www.senado.leg.br/senadores/img/fotos-oficiais/senador5988.jpg;http://www25.senado.leg.br/web/senadores/senador/-/perfil/5988;;sen.sorayathronicke@senado.leg.br;33031775;1;Não;PSL;MS;Não;Sim;;;;;;;;;;;;;;;;;;;;;
;;;;;;;;;;;;;;;;;561;MS;56;2019-02-01;2023-01-31;;;;Titular;;;;;;;;;;;;
;;;;;;;;;;;;;;;;;561;MS;;;;57;2023-02-01;2027-01-31;Titular;;;;;;;;;;;;
;;;;;;;;;;;;;;;;;561;MS;;;;;;;Titular;;;;1º Suplente;5986;Rodolfo Nogueira;;;;;;
;;;;;;;;;;;;;;;;;561;MS;;;;;;;Titular;;;;2º Suplente;5987;Danny Fabricio;;;;;;
;;;;;;;;;;;;;;;;;561;MS;;;;;;;Titular;;;;;;;2937;2019-02-01;;;;
5959;817;Styvenson Valentim;Eann Styvenson Valentim Mendes;Masculino;Senador;http://www.senado.leg.br/senadores/img/fotos-oficiais/senador5959.jpg;http://www25.senado.leg.br/web/senadores/senador/-/perfil/5959;;sen.styvensonvalentim@senado.leg.br;33031148;2;Não;PODEMOS;RN;Não;Sim;;;;;;;;;;;;;;;;;;;;;
;;;;;;;;;;;;;;;;;550;RN;56;2019-02-01;2023-01-31;;;;Titular;;;;;;;;;;;;
;;;;;;;;;;;;;;;;;550;RN;;;;57;2023-02-01;2027-01-31;Titular;;;;;;;;;;;;
;;;;;;;;;;;;;;;;;550;RN;;;;;;;Titular;;;;1º Suplente;5962;Alisson Taveira;;;;;;
;;;;;;;;;;;;;;;;;550;RN;;;;;;;Titular;;;;2º Suplente;5963;Coronel Margarida;;;;;;
;;;;;;;;;;;;;;;;;550;RN;;;;;;;Titular;;;;;;;2899;2019-02-01;;;;
4560;850;Sérgio Petecão;Sérgio de Oliveira Cunha;Masculino;Senador;http://www.senado.leg.br/senadores/img/fotos-oficiais/senador4560.jpg;http://www25.senado.leg.br/web/senadores/senador/-/perfil/4560;http://www.petecao.com.br/;sen.sergiopetecao@senado.leg.br;33034086;1;Não;PSD;AC;Não;Não;;;;;;;;;;;;;;;;;;;;;
4560;850;Sérgio Petecão;Sérgio de Oliveira Cunha;Masculino;Senador;http://www.senado.leg.br/senadores/img/fotos-oficiais/senador4560.jpg;http://www25.senado.leg.br/web/senadores/senador/-/perfil/4560;http://www.petecao.com.br/;sen.sergiopetecao@senado.leg.br;33036708;1;Não;PSD;AC;Não;Não;;;;;;;;;;;;;;;;;;;;;
4560;850;Sérgio Petecão;Sérgio de Oliveira Cunha;Masculino;Senador;http://www.senado.leg.br/senadores/img/fotos-oficiais/senador4560.jpg;http://www25.senado.leg.br/web/senadores/senador/-/perfil/4560;http://www.petecao.com.br/;sen.sergiopetecao@senado.leg.br;33036709;2;Não;PSD;AC;Não;Não;;;;;;;;;;;;;;;;;;;;;
;;;;;;;;;;;;;;;;;520;AC;56;2019-02-01;2023-01-31;;;;Titular;;;;;;;;;;;;
;;;;;;;;;;;;;;;;;520;AC;;;;57;2023-02-01;2027-01-31;Titular;;;;;;;;;;;;
;;;;;;;;;;;;;;;;;520;AC;;;;;;;Titular;;;;1º Suplente;5908;Maria das Vitórias;;;;;;
;;;;;;;;;;;;;;;;;520;AC;;;;;;;Titular;;;;2º Suplente;5909;Maria Alice;;;;;;
;;;;;;;;;;;;;;;;;520;AC;;;;;;;Titular;;;;;;;2935;2019-02-01;;;;
3396;812;Tasso Jereissati;Tasso Ribeiro Jereissati;Masculino;Senador;http://www.senado.leg.br/senadores/img/fotos-oficiais/senador3396.jpg;http://www25.senado.leg.br/web/senadores/senador/-/perfil/3396;https://www.senadortasso.com.br/;sen.tassojereissati@senado.leg.br;33034502;1;Não;PSDB;CE;Não;Não;;;;;;;;;;;;;;;;;;;;;
3396;812;Tasso Jereissati;Tasso Ribeiro Jereissati;Masculino;Senador;http://www.senado.leg.br/senadores/img/fotos-oficiais/senador3396.jpg;http://www25.senado.leg.br/web/senadores/senador/-/perfil/3396;https://www.senadortasso.com.br/;sen.tassojereissati@senado.leg.br;33034503;2;Não;PSDB;CE;Não;Não;;;;;;;;;;;;;;;;;;;;;
3396;812;Tasso Jereissati;Tasso Ribeiro Jereissati;Masculino;Senador;http://www.senado.leg.br/senadores/img/fotos-oficiais/senador3396.jpg;http://www25.senado.leg.br/web/senadores/senador/-/perfil/3396;https://www.senadortasso.com.br/;sen.tassojereissati@senado.leg.br;33034517;2;Não;PSDB;CE;Não;Não;;;;;;;;;;;;;;;;;;;;;
3396;812;Tasso Jereissati;Tasso Ribeiro Jereissati;Masculino;Senador;http://www.senado.leg.br/senadores/img/fotos-oficiais/senador3396.jpg;http://www25.senado.leg.br/web/senadores/senador/-/perfil/3396;https://www.senadortasso.com.br/;sen.tassojereissati@senado.leg.br;33034573;3;Não;PSDB;CE;Não;Não;;;;;;;;;;;;;;;;;;;;;
;;;;;;;;;;;;;;;;;512;CE;55;2015-02-01;2019-01-31;;;;Titular;;;;;;;;;;;;
;;;;;;;;;;;;;;;;;512;CE;;;;56;2019-02-01;2023-01-31;Titular;;;;;;;;;;;;
;;;;;;;;;;;;;;;;;512;CE;;;;;;;Titular;;;;1º Suplente;611;Chiquinho Feitosa;;;;;;
;;;;;;;;;;;;;;;;;512;CE;;;;;;;Titular;;;;2º Suplente;5577;Fernando Façanha;;;;;;
;;;;;;;;;;;;;;;;;512;CE;;;;;;;Titular;;;;;;;2976;2022-02-27;;;;
;;;;;;;;;;;;;;;;;512;CE;;;;;;;Titular;;;;;;;2751;2015-02-01;2021-10-29;LP;Licença Particular;
5535;814;Telmário Mota;Telmário Mota de Oliveira;Masculino;Senador;http://www.senado.leg.br/senadores/img/fotos-oficiais/senador5535.jpg;http://www25.senado.leg.br/web/senadores/senador/-/perfil/5535;http://www.telmariomota.com.br/;sen.telmariomota@senado.leg.br;33036315;1;Não;PROS;RR;Não;Sim;;;;;;;;;;;;;;;;;;;;;
;;;;;;;;;;;;;;;;;498;RR;55;2015-02-01;2019-01-31;;;;Titular;;;;;;;;;;;;
;;;;;;;;;;;;;;;;;498;RR;;;;56;2019-02-01;2023-01-31;Titular;;;;;;;;;;;;
;;;;;;;;;;;;;;;;;498;RR;;;;;;;Titular;;;;1º Suplente;5619;Thieres Pinto;;;;;;
;;;;;;;;;;;;;;;;;498;RR;;;;;;;Titular;;;;2º Suplente;5621;Rudson Leite;;;;;;
;;;;;;;;;;;;;;;;;498;RR;;;;;;;Titular;;;;;;;2861;2018-10-04;;;;
;;;;;;;;;;;;;;;;;498;RR;;;;;;;Titular;;;;;;;2828;2017-04-14;2018-05-29;LSP;Licença Saúde-Particular;
;;;;;;;;;;;;;;;;;498;RR;;;;;;;Titular;;;;;;;2752;2015-02-01;2016-12-14;LSP;Licença Saúde-Particular;
5899;864;Vanderlan Cardoso;Vanderlan Vieira Cardoso;Masculino;Senador;http://www.senado.leg.br/senadores/img/fotos-oficiais/senador5899.jpg;http://www25.senado.leg.br/web/senadores/senador/-/perfil/5899;;sen.vanderlancardoso@senado.leg.br;33032092;1;Não;PSD;GO;Não;Não;;;;;;;;;;;;;;;;;;;;;
5899;864;Vanderlan Cardoso;Vanderlan Vieira Cardoso;Masculino;Senador;http://www.senado.leg.br/senadores/img/fotos-oficiais/senador5899.jpg;http://www25.senado.leg.br/web/senadores/senador/-/perfil/5899;;sen.vanderlancardoso@senado.leg.br;33032099;4;Não;PSD;GO;Não;Não;;;;;;;;;;;;;;;;;;;;;
;;;;;;;;;;;;;;;;;538;GO;56;2019-02-01;2023-01-31;;;;Titular;;;;;;;;;;;;
;;;;;;;;;;;;;;;;;538;GO;;;;57;2023-02-01;2027-01-31;Titular;;;;;;;;;;;;
;;;;;;;;;;;;;;;;;538;GO;;;;;;;Titular;;;;1º Suplente;453;Pedro Chaves;;;;;;
;;;;;;;;;;;;;;;;;538;GO;;;;;;;Titular;;;;2º Suplente;5912;Jader Melo;;;;;;
;;;;;;;;;;;;;;;;;538;GO;;;;;;;Titular;;;;;;;2938;2019-02-01;;;;
5748;821;Veneziano Vital do Rêgo;Veneziano Vital do Rêgo Segundo Neto;Masculino;Senador;http://www.senado.leg.br/senadores/img/fotos-oficiais/senador5748.jpg;http://www25.senado.leg.br/web/senadores/senador/-/perfil/5748;;sen.venezianovitaldorego@senado.leg.br;33032252;1;Não;MDB;PB;Sim;Não;;;;;;;;;;;;;;;;;;;;;
5748;821;Veneziano Vital do Rêgo;Veneziano Vital do Rêgo Segundo Neto;Masculino;Senador;http://www.senado.leg.br/senadores/img/fotos-oficiais/senador5748.jpg;http://www25.senado.leg.br/web/senadores/senador/-/perfil/5748;;sen.venezianovitaldorego@senado.leg.br;33032481;3;Não;MDB;PB;Sim;Não;;;;;;;;;;;;;;;;;;;;;
;;;;;;;;;;;;;;;;;564;PB;56;2019-02-01;2023-01-31;;;;Titular;;;;;;;;;;;;
;;;;;;;;;;;;;;;;;564;PB;;;;57;2023-02-01;2027-01-31;Titular;;;;;;;;;;;;
;;;;;;;;;;;;;;;;;564;PB;;;;;;;Titular;;;;1º Suplente;63;Ney Suassuna;;;;;;
;;;;;;;;;;;;;;;;;564;PB;;;;;;;Titular;;;;2º Suplente;5995;Suely Santiago;;;;;;
;;;;;;;;;;;;;;;;;564;PB;;;;;;;Titular;;;;;;;2963;2021-01-22;;;;
;;;;;;;;;;;;;;;;;564;PB;;;;;;;Titular;;;;;;;2939;2019-02-01;2020-09-23;LP;Licença Particular;
1173;842;Wellington Fagundes;Wellington Antonio Fagundes;Masculino;Senador;http://www.senado.leg.br/senadores/img/fotos-oficiais/senador1173.jpg;http://www25.senado.leg.br/web/senadores/senador/-/perfil/1173;;sen.wellingtonfagundes@senado.leg.br;33036219;1;Não;PL;MT;Não;Sim;;;;;;;;;;;;;;;;;;;;;
1173;842;Wellington Fagundes;Wellington Antonio Fagundes;Masculino;Senador;http://www.senado.leg.br/senadores/img/fotos-oficiais/senador1173.jpg;http://www25.senado.leg.br/web/senadores/senador/-/perfil/1173;;sen.wellingtonfagundes@senado.leg.br;33033778;2;Não;PL;MT;Não;Sim;;;;;;;;;;;;;;;;;;;;;
1173;842;Wellington Fagundes;Wellington Antonio Fagundes;Masculino;Senador;http://www.senado.leg.br/senadores/img/fotos-oficiais/senador1173.jpg;http://www25.senado.leg.br/web/senadores/senador/-/perfil/1173;;sen.wellingtonfagundes@senado.leg.br;33036221;3;Não;PL;MT;Não;Sim;;;;;;;;;;;;;;;;;;;;;
1173;842;Wellington Fagundes;Wellington Antonio Fagundes;Masculino;Senador;http://www.senado.leg.br/senadores/img/fotos-oficiais/senador1173.jpg;http://www25.senado.leg.br/web/senadores/senador/-/perfil/1173;;sen.wellingtonfagundes@senado.leg.br;33033772;4;Não;PL;MT;Não;Sim;;;;;;;;;;;;;;;;;;;;;
1173;842;Wellington Fagundes;Wellington Antonio Fagundes;Masculino;Senador;http://www.senado.leg.br/senadores/img/fotos-oficiais/senador1173.jpg;http://www25.senado.leg.br/web/senadores/senador/-/perfil/1173;;sen.wellingtonfagundes@senado.leg.br;33036213;5;Não;PL;MT;Não;Sim;;;;;;;;;;;;;;;;;;;;;
1173;842;Wellington Fagundes;Wellington Antonio Fagundes;Masculino;Senador;http://www.senado.leg.br/senadores/img/fotos-oficiais/senador1173.jpg;http://www25.senado.leg.br/web/senadores/senador/-/perfil/1173;;sen.wellingtonfagundes@senado.leg.br;33033775;6;Não;PL;MT;Não;Sim;;;;;;;;;;;;;;;;;;;;;
;;;;;;;;;;;;;;;;;506;MT;55;2015-02-01;2019-01-31;;;;Titular;;;;;;;;;;;;
;;;;;;;;;;;;;;;;;506;MT;;;;56;2019-02-01;2023-01-31;Titular;;;;;;;;;;;;
;;;;;;;;;;;;;;;;;506;MT;;;;;;;Titular;;;;1º Suplente;4885;Jorge Yanai;;;;;;
;;;;;;;;;;;;;;;;;506;MT;;;;;;;Titular;;;;2º Suplente;5591;Manoel Motta;;;;;;
;;;;;;;;;;;;;;;;;506;MT;;;;;;;Titular;;;;;;;2753;2015-02-01;;;;
5411;808;Weverton;Weverton Rocha Marques de Sousa;Masculino;Senador;http://www.senado.leg.br/senadores/img/fotos-oficiais/senador5411.jpg;http://www25.senado.leg.br/web/senadores/senador/-/perfil/5411;;sen.wevertonrocha@senado.leg.br;33034161;1;Não;PDT;MA;Sim;Não;;;;;;;;;;;;;;;;;;;;;
5411;808;Weverton;Weverton Rocha Marques de Sousa;Masculino;Senador;http://www.senado.leg.br/senadores/img/fotos-oficiais/senador5411.jpg;http://www25.senado.leg.br/web/senadores/senador/-/perfil/5411;;sen.wevertonrocha@senado.leg.br;33031655;2;Não;PDT;MA;Sim;Não;;;;;;;;;;;;;;;;;;;;;
;;;;;;;;;;;;;;;;;529;MA;56;2019-02-01;2023-01-31;;;;Titular;;;;;;;;;;;;
;;;;;;;;;;;;;;;;;529;MA;;;;57;2023-02-01;2027-01-31;Titular;;;;;;;;;;;;
;;;;;;;;;;;;;;;;;529;MA;;;;;;;Titular;;;;1º Suplente;5892;Roberth Bringel;;;;;;
;;;;;;;;;;;;;;;;;529;MA;;;;;;;Titular;;;;2º Suplente;5893;Suely Pereira;;;;;;
;;;;;;;;;;;;;;;;;529;MA;;;;;;;Titular;;;;;;;2940;2019-02-01;;;;
5783;818;Zenaide Maia;Zenaide Maia Calado Pereira dos Santos;Feminino;Senadora;http://www.senado.leg.br/senadores/img/fotos-oficiais/senador5783.jpg;http://www25.senado.leg.br/web/senadores/senador/-/perfil/5783;;sen.zenaidemaia@senado.leg.br;33032371;1;Não;PROS;RN;Não;Sim;;;;;;;;;;;;;;;;;;;;;
5783;818;Zenaide Maia;Zenaide Maia Calado Pereira dos Santos;Feminino;Senadora;http://www.senado.leg.br/senadores/img/fotos-oficiais/senador5783.jpg;http://www25.senado.leg.br/web/senadores/senador/-/perfil/5783;;sen.zenaidemaia@senado.leg.br;33032372;2;Não;PROS;RN;Não;Sim;;;;;;;;;;;;;;;;;;;;;
5783;818;Zenaide Maia;Zenaide Maia Calado Pereira dos Santos;Feminino;Senadora;http://www.senado.leg.br/senadores/img/fotos-oficiais/senador5783.jpg;http://www25.senado.leg.br/web/senadores/senador/-/perfil/5783;;sen.zenaidemaia@senado.leg.br;33031813;3;Não;PROS;RN;Não;Sim;;;;;;;;;;;;;;;;;;;;;
;;;;;;;;;;;;;;;;;551;RN;56;2019-02-01;2023-01-31;;;;Titular;;;;;;;;;;;;
;;;;;;;;;;;;;;;;;551;RN;;;;57;2023-02-01;2027-01-31;Titular;;;;;;;;;;;;
;;;;;;;;;;;;;;;;;551;RN;;;;;;;Titular;;;;1º Suplente;5965;Júnior Souto;;;;;;
;;;;;;;;;;;;;;;;;551;RN;;;;;;;Titular;;;;2º Suplente;5966;Pastor Manoel Roberto;;;;;;
;;;;;;;;;;;;;;;;;551;RN;;;;;;;Titular;;;;;;;2941;2019-02-01;;;;
3806;836;Zequinha Marinho;José da Cruz Marinho;Masculino;Senador;http://www.senado.leg.br/senadores/img/fotos-oficiais/senador3806.jpg;http://www25.senado.leg.br/web/senadores/senador/-/perfil/3806;;sen.zequinhamarinho@senado.leg.br;33036623;1;Não;PL;PA;Sim;Não;;;;;;;;;;;;;;;;;;;;;
;;;;;;;;;;;;;;;;;566;PA;56;2019-02-01;2023-01-31;;;;Titular;;;;;;;;;;;;
;;;;;;;;;;;;;;;;;566;PA;;;;57;2023-02-01;2027-01-31;Titular;;;;;;;;;;;;
;;;;;;;;;;;;;;;;;566;PA;;;;;;;Titular;;;;1º Suplente;6001;Arlindo Silva;;;;;;
;;;;;;;;;;;;;;;;;566;PA;;;;;;;Titular;;;;2º Suplente;6002;Marinho Cunha;;;;;;
;;;;;;;;;;;;;;;;;566;PA;;;;;;;Titular;;;;;;;2916;2019-02-01;;;;